
INSERT INTO CIUDAD (IDCIUDAD, NOMBRE) VALUES (1, 'Bogotá');
INSERT INTO CIUDAD (IDCIUDAD, NOMBRE) VALUES (2, 'Medellín');
INSERT INTO CIUDAD (IDCIUDAD, NOMBRE) VALUES (3, 'Cali');
INSERT INTO CIUDAD (IDCIUDAD, NOMBRE) VALUES (4, 'Barranquilla');
INSERT INTO CIUDAD (IDCIUDAD, NOMBRE) VALUES (5, 'Cartagena');
INSERT INTO CIUDAD (IDCIUDAD, NOMBRE) VALUES (6, 'Bucaramanga');
INSERT INTO CIUDAD (IDCIUDAD, NOMBRE) VALUES (7, 'Pereira');
INSERT INTO CIUDAD (IDCIUDAD, NOMBRE) VALUES (8, 'Santa Marta');
INSERT INTO CIUDAD (IDCIUDAD, NOMBRE) VALUES (9, 'Manizales');
INSERT INTO CIUDAD (IDCIUDAD, NOMBRE) VALUES (10, 'Ibagué');

INSERT INTO USUARIO (IDUSUARIO, CEDULA, NOMBRE, CORREO, CELULAR, CALIFICACION) VALUES (1, '1000000001', 'Ana María García', 'ana.garcia1@email.com', '3001234567', 5);
INSERT INTO USUARIO (IDUSUARIO, CEDULA, NOMBRE, CORREO, CELULAR, CALIFICACION) VALUES (2, '1000000002', 'Carlos Rodríguez', 'carlos.rodriguez2@email.com', '3001234568', 4);
INSERT INTO USUARIO (IDUSUARIO, CEDULA, NOMBRE, CORREO, CELULAR, CALIFICACION) VALUES (3, '1000000003', 'María López', 'maria.lopez3@email.com', '3001234569', 5);
INSERT INTO USUARIO (IDUSUARIO, CEDULA, NOMBRE, CORREO, CELULAR, CALIFICACION) VALUES (4, '1000000004', 'Juan Pérez', 'juan.perez4@email.com', '3001234570', 3);
INSERT INTO USUARIO (IDUSUARIO, CEDULA, NOMBRE, CORREO, CELULAR, CALIFICACION) VALUES (5, '1000000005', 'Laura Martínez', 'laura.martinez5@email.com', '3001234571', 4);
INSERT INTO USUARIO (IDUSUARIO, CEDULA, NOMBRE, CORREO, CELULAR, CALIFICACION) VALUES (6, '1000000006', 'Diego Sánchez', 'diego.sanchez6@email.com', '3001234572', 5);
INSERT INTO USUARIO (IDUSUARIO, CEDULA, NOMBRE, CORREO, CELULAR, CALIFICACION) VALUES (7, '1000000007', 'Patricia Gómez', 'patricia.gomez7@email.com', '3001234573', 4);
INSERT INTO USUARIO (IDUSUARIO, CEDULA, NOMBRE, CORREO, CELULAR, CALIFICACION) VALUES (8, '1000000008', 'Roberto Torres', 'roberto.torres8@email.com', '3001234574', 3);
INSERT INTO USUARIO (IDUSUARIO, CEDULA, NOMBRE, CORREO, CELULAR, CALIFICACION) VALUES (9, '1000000009', 'Carmen Ruiz', 'carmen.ruiz9@email.com', '3001234575', 5);
INSERT INTO USUARIO (IDUSUARIO, CEDULA, NOMBRE, CORREO, CELULAR, CALIFICACION) VALUES (10, '1000000010', 'Andrés Herrera', 'andres.herrera10@email.com', '3001234576', 4);
INSERT INTO USUARIO (IDUSUARIO, CEDULA, NOMBRE, CORREO, CELULAR, CALIFICACION) VALUES (11, '1000000011', 'Sofía Jiménez', 'sofia.jimenez11@email.com', '3001234577', 5);
INSERT INTO USUARIO (IDUSUARIO, CEDULA, NOMBRE, CORREO, CELULAR, CALIFICACION) VALUES (12, '1000000012', 'Miguel Vargas', 'miguel.vargas12@email.com', '3001234578', 3);
INSERT INTO USUARIO (IDUSUARIO, CEDULA, NOMBRE, CORREO, CELULAR, CALIFICACION) VALUES (13, '1000000013', 'Valentina Castro', 'valentina.castro13@email.com', '3001234579', 4);
INSERT INTO USUARIO (IDUSUARIO, CEDULA, NOMBRE, CORREO, CELULAR, CALIFICACION) VALUES (14, '1000000014', 'Fernando Morales', 'fernando.morales14@email.com', '3001234580', 5);
INSERT INTO USUARIO (IDUSUARIO, CEDULA, NOMBRE, CORREO, CELULAR, CALIFICACION) VALUES (15, '1000000015', 'Isabella Ramírez', 'isabella.ramirez15@email.com', '3001234581', 4);
INSERT INTO USUARIO (IDUSUARIO, CEDULA, NOMBRE, CORREO, CELULAR, CALIFICACION) VALUES (16, '1000000016', 'Alejandro Silva', 'alejandro.silva16@email.com', '3001234582', 3);
INSERT INTO USUARIO (IDUSUARIO, CEDULA, NOMBRE, CORREO, CELULAR, CALIFICACION) VALUES (17, '1000000017', 'Camila Mendoza', 'camila.mendoza17@email.com', '3001234583', 5);
INSERT INTO USUARIO (IDUSUARIO, CEDULA, NOMBRE, CORREO, CELULAR, CALIFICACION) VALUES (18, '1000000018', 'Sebastián Ortiz', 'sebastian.ortiz18@email.com', '3001234584', 4);
INSERT INTO USUARIO (IDUSUARIO, CEDULA, NOMBRE, CORREO, CELULAR, CALIFICACION) VALUES (19, '1000000019', 'Gabriela Flores', 'gabriela.flores19@email.com', '3001234585', 5);
INSERT INTO USUARIO (IDUSUARIO, CEDULA, NOMBRE, CORREO, CELULAR, CALIFICACION) VALUES (20, '1000000020', 'Ricardo Aguilar', 'ricardo.aguilar20@email.com', '3001234586', 3);
INSERT INTO USUARIO (IDUSUARIO, CEDULA, NOMBRE, CORREO, CELULAR, CALIFICACION) VALUES (21, '1000000021', 'Natalia Cruz', 'natalia.cruz21@email.com', '3001234587', 4);
INSERT INTO USUARIO (IDUSUARIO, CEDULA, NOMBRE, CORREO, CELULAR, CALIFICACION) VALUES (22, '1000000022', 'Daniel Reyes', 'daniel.reyes22@email.com', '3001234588', 5);
INSERT INTO USUARIO (IDUSUARIO, CEDULA, NOMBRE, CORREO, CELULAR, CALIFICACION) VALUES (23, '1000000023', 'Adriana Vega', 'adriana.vega23@email.com', '3001234589', 4);
INSERT INTO USUARIO (IDUSUARIO, CEDULA, NOMBRE, CORREO, CELULAR, CALIFICACION) VALUES (24, '1000000024', 'Julián Romero', 'julian.romero24@email.com', '3001234590', 3);
INSERT INTO USUARIO (IDUSUARIO, CEDULA, NOMBRE, CORREO, CELULAR, CALIFICACION) VALUES (25, '1000000025', 'Paola Guerrero', 'paola.guerrero25@email.com', '3001234591', 5);
INSERT INTO USUARIO (IDUSUARIO, CEDULA, NOMBRE, CORREO, CELULAR, CALIFICACION) VALUES (26, '1000000026', 'Cristian Muñoz', 'cristian.munoz26@email.com', '3001234592', 4);
INSERT INTO USUARIO (IDUSUARIO, CEDULA, NOMBRE, CORREO, CELULAR, CALIFICACION) VALUES (27, '1000000027', 'Alejandra Peña', 'alejandra.pena27@email.com', '3001234593', 5);
INSERT INTO USUARIO (IDUSUARIO, CEDULA, NOMBRE, CORREO, CELULAR, CALIFICACION) VALUES (28, '1000000028', 'Mauricio León', 'mauricio.leon28@email.com', '3001234594', 3);
INSERT INTO USUARIO (IDUSUARIO, CEDULA, NOMBRE, CORREO, CELULAR, CALIFICACION) VALUES (29, '1000000029', 'Carolina Ramos', 'carolina.ramos29@email.com', '3001234595', 4);
INSERT INTO USUARIO (IDUSUARIO, CEDULA, NOMBRE, CORREO, CELULAR, CALIFICACION) VALUES (30, '1000000030', 'Javier Medina', 'javier.medina30@email.com', '3001234596', 5);

INSERT INTO USUARIO (IDUSUARIO, CEDULA, NOMBRE, CORREO, CELULAR, CALIFICACION) VALUES (31, '1000000031', 'Estefanía Rojas', 'estefania.rojas31@email.com', '3001234597', 4);
INSERT INTO USUARIO (IDUSUARIO, CEDULA, NOMBRE, CORREO, CELULAR, CALIFICACION) VALUES (32, '1000000032', 'Fabián Herrera', 'fabian.herrera32@email.com', '3001234598', 5);
INSERT INTO USUARIO (IDUSUARIO, CEDULA, NOMBRE, CORREO, CELULAR, CALIFICACION) VALUES (33, '1000000033', 'Mónica Delgado', 'monica.delgado33@email.com', '3001234599', 3);
INSERT INTO USUARIO (IDUSUARIO, CEDULA, NOMBRE, CORREO, CELULAR, CALIFICACION) VALUES (34, '1000000034', 'Óscar Parra', 'oscar.parra34@email.com', '3001234600', 4);
INSERT INTO USUARIO (IDUSUARIO, CEDULA, NOMBRE, CORREO, CELULAR, CALIFICACION) VALUES (35, '1000000035', 'Tatiana Moreno', 'tatiana.moreno35@email.com', '3001234601', 5);
INSERT INTO USUARIO (IDUSUARIO, CEDULA, NOMBRE, CORREO, CELULAR, CALIFICACION) VALUES (36, '1000000036', 'Gustavo Pineda', 'gustavo.pineda36@email.com', '3001234602', 4);
INSERT INTO USUARIO (IDUSUARIO, CEDULA, NOMBRE, CORREO, CELULAR, CALIFICACION) VALUES (37, '1000000037', 'Marcela Ávila', 'marcela.avila37@email.com', '3001234603', 3);
INSERT INTO USUARIO (IDUSUARIO, CEDULA, NOMBRE, CORREO, CELULAR, CALIFICACION) VALUES (38, '1000000038', 'Esteban Caicedo', 'esteban.caicedo38@email.com', '3001234604', 5);
INSERT INTO USUARIO (IDUSUARIO, CEDULA, NOMBRE, CORREO, CELULAR, CALIFICACION) VALUES (39, '1000000039', 'Constanza Gil', 'constanza.gil39@email.com', '3001234605', 4);
INSERT INTO USUARIO (IDUSUARIO, CEDULA, NOMBRE, CORREO, CELULAR, CALIFICACION) VALUES (40, '1000000040', 'Iván Cortés', 'ivan.cortes40@email.com', '3001234606', 5);
INSERT INTO USUARIO (IDUSUARIO, CEDULA, NOMBRE, CORREO, CELULAR, CALIFICACION) VALUES (41, '1000000041', 'Sandra Maldonado', 'sandra.maldonado41@email.com', '3001234607', 4);
INSERT INTO USUARIO (IDUSUARIO, CEDULA, NOMBRE, CORREO, CELULAR, CALIFICACION) VALUES (42, '1000000042', 'Felipe Arbeláez', 'felipe.arbelaez42@email.com', '3001234608', 3);
INSERT INTO USUARIO (IDUSUARIO, CEDULA, NOMBRE, CORREO, CELULAR, CALIFICACION) VALUES (43, '1000000043', 'Lina Garzón', 'lina.garzon43@email.com', '3001234609', 5);
INSERT INTO USUARIO (IDUSUARIO, CEDULA, NOMBRE, CORREO, CELULAR, CALIFICACION) VALUES (44, '1000000044', 'Nicolás Arango', 'nicolas.arango44@email.com', '3001234610', 4);
INSERT INTO USUARIO (IDUSUARIO, CEDULA, NOMBRE, CORREO, CELULAR, CALIFICACION) VALUES (45, '1000000045', 'Vanessa Castañeda', 'vanessa.castaneda45@email.com', '3001234611', 5);
INSERT INTO USUARIO (IDUSUARIO, CEDULA, NOMBRE, CORREO, CELULAR, CALIFICACION) VALUES (46, '1000000046', 'Álvaro Restrepo', 'alvaro.restrepo46@email.com', '3001234612', 3);
INSERT INTO USUARIO (IDUSUARIO, CEDULA, NOMBRE, CORREO, CELULAR, CALIFICACION) VALUES (47, '1000000047', 'Adriana Montoya', 'adriana.montoya47@email.com', '3001234613', 4);
INSERT INTO USUARIO (IDUSUARIO, CEDULA, NOMBRE, CORREO, CELULAR, CALIFICACION) VALUES (48, '1000000048', 'Sergio Palacios', 'sergio.palacios48@email.com', '3001234614', 5);
INSERT INTO USUARIO (IDUSUARIO, CEDULA, NOMBRE, CORREO, CELULAR, CALIFICACION) VALUES (49, '1000000049', 'Diana Valencia', 'diana.valencia49@email.com', '3001234615', 4);
INSERT INTO USUARIO (IDUSUARIO, CEDULA, NOMBRE, CORREO, CELULAR, CALIFICACION) VALUES (50, '1000000050', 'Andrés Londoño', 'andres.londono50@email.com', '3001234616', 3);
INSERT INTO USUARIO (IDUSUARIO, CEDULA, NOMBRE, CORREO, CELULAR, CALIFICACION) VALUES (51, '1000000051', 'Carolina Bedoya', 'carolina.bedoya51@email.com', '3001234617', 5);
INSERT INTO USUARIO (IDUSUARIO, CEDULA, NOMBRE, CORREO, CELULAR, CALIFICACION) VALUES (52, '1000000052', 'Jorge Vélez', 'jorge.velez52@email.com', '3001234618', 4);
INSERT INTO USUARIO (IDUSUARIO, CEDULA, NOMBRE, CORREO, CELULAR, CALIFICACION) VALUES (53, '1000000053', 'Alejandra Saldarriaga', 'alejandra.saldarriaga53@email.com', '3001234619', 5);
INSERT INTO USUARIO (IDUSUARIO, CEDULA, NOMBRE, CORREO, CELULAR, CALIFICACION) VALUES (54, '1000000054', 'Camilo Uribe', 'camilo.uribe54@email.com', '3001234620', 3);
INSERT INTO USUARIO (IDUSUARIO, CEDULA, NOMBRE, CORREO, CELULAR, CALIFICACION) VALUES (55, '1000000055', 'Natalia Jaramillo', 'natalia.jaramillo55@email.com', '3001234621', 4);
INSERT INTO USUARIO (IDUSUARIO, CEDULA, NOMBRE, CORREO, CELULAR, CALIFICACION) VALUES (56, '1000000056', 'Daniel Mesa', 'daniel.mesa56@email.com', '3001234622', 5);
INSERT INTO USUARIO (IDUSUARIO, CEDULA, NOMBRE, CORREO, CELULAR, CALIFICACION) VALUES (57, '1000000057', 'Paola Echeverri', 'paola.echeverri57@email.com', '3001234623', 4);
INSERT INTO USUARIO (IDUSUARIO, CEDULA, NOMBRE, CORREO, CELULAR, CALIFICACION) VALUES (58, '1000000058', 'Sebastián Giraldo', 'sebastian.giraldo58@email.com', '3001234624', 3);
INSERT INTO USUARIO (IDUSUARIO, CEDULA, NOMBRE, CORREO, CELULAR, CALIFICACION) VALUES (59, '1000000059', 'Melissa Botero', 'melissa.botero59@email.com', '3001234625', 5);
INSERT INTO USUARIO (IDUSUARIO, CEDULA, NOMBRE, CORREO, CELULAR, CALIFICACION) VALUES (60, '1000000060', 'Esteban Franco', 'esteban.franco60@email.com', '3001234626', 4);
INSERT INTO USUARIO (IDUSUARIO, CEDULA, NOMBRE, CORREO, CELULAR, CALIFICACION) VALUES (61, '1000000061', 'Juliana Henao', 'juliana.henao61@email.com', '3001234627', 5);
INSERT INTO USUARIO (IDUSUARIO, CEDULA, NOMBRE, CORREO, CELULAR, CALIFICACION) VALUES (62, '1000000062', 'Mauricio Cárdenas', 'mauricio.cardenas62@email.com', '3001234628', 3);
INSERT INTO USUARIO (IDUSUARIO, CEDULA, NOMBRE, CORREO, CELULAR, CALIFICACION) VALUES (63, '1000000063', 'Manuela Posada', 'manuela.posada63@email.com', '3001234629', 4);
INSERT INTO USUARIO (IDUSUARIO, CEDULA, NOMBRE, CORREO, CELULAR, CALIFICACION) VALUES (64, '1000000064', 'Óscar Mejía', 'oscar.mejia64@email.com', '3001234630', 5);
INSERT INTO USUARIO (IDUSUARIO, CEDULA, NOMBRE, CORREO, CELULAR, CALIFICACION) VALUES (65, '1000000065', 'Tatiana Agudelo', 'tatiana.agudelo65@email.com', '3001234631', 4);
INSERT INTO USUARIO (IDUSUARIO, CEDULA, NOMBRE, CORREO, CELULAR, CALIFICACION) VALUES (66, '1000000066', 'Felipe García', 'felipe.garcia66@email.com', '3001234632', 3);
INSERT INTO USUARIO (IDUSUARIO, CEDULA, NOMBRE, CORREO, CELULAR, CALIFICACION) VALUES (67, '1000000067', 'Alejandra Muñoz', 'alejandra.munoz67@email.com', '3001234633', 5);
INSERT INTO USUARIO (IDUSUARIO, CEDULA, NOMBRE, CORREO, CELULAR, CALIFICACION) VALUES (68, '1000000068', 'Iván Ramírez', 'ivan.ramirez68@email.com', '3001234634', 4);
INSERT INTO USUARIO (IDUSUARIO, CEDULA, NOMBRE, CORREO, CELULAR, CALIFICACION) VALUES (69, '1000000069', 'Sara Correa', 'sara.correa69@email.com', '3001234635', 5);
INSERT INTO USUARIO (IDUSUARIO, CEDULA, NOMBRE, CORREO, CELULAR, CALIFICACION) VALUES (70, '1000000070', 'Cristian Vargas', 'cristian.vargas70@email.com', '3001234636', 3);
INSERT INTO USUARIO (IDUSUARIO, CEDULA, NOMBRE, CORREO, CELULAR, CALIFICACION) VALUES (71, '1000000071', 'Luisa Álvarez', 'luisa.alvarez71@email.com', '3001234637', 4);
INSERT INTO USUARIO (IDUSUARIO, CEDULA, NOMBRE, CORREO, CELULAR, CALIFICACION) VALUES (72, '1000000072', 'Esteban Rojas', 'esteban.rojas72@email.com', '3001234638', 5);
INSERT INTO USUARIO (IDUSUARIO, CEDULA, NOMBRE, CORREO, CELULAR, CALIFICACION) VALUES (73, '1000000073', 'Marcela López', 'marcela.lopez73@email.com', '3001234639', 4);
INSERT INTO USUARIO (IDUSUARIO, CEDULA, NOMBRE, CORREO, CELULAR, CALIFICACION) VALUES (74, '1000000074', 'Diego Moreno', 'diego.moreno74@email.com', '3001234640', 3);
INSERT INTO USUARIO (IDUSUARIO, CEDULA, NOMBRE, CORREO, CELULAR, CALIFICACION) VALUES (75, '1000000075', 'Isabella Torres', 'isabella.torres75@email.com', '3001234641', 5);
INSERT INTO USUARIO (IDUSUARIO, CEDULA, NOMBRE, CORREO, CELULAR, CALIFICACION) VALUES (76, '1000000076', 'Nicolás Herrera', 'nicolas.herrera76@email.com', '3001234642', 4);
INSERT INTO USUARIO (IDUSUARIO, CEDULA, NOMBRE, CORREO, CELULAR, CALIFICACION) VALUES (77, '1000000077', 'Valeria Castro', 'valeria.castro77@email.com', '3001234643', 5);
INSERT INTO USUARIO (IDUSUARIO, CEDULA, NOMBRE, CORREO, CELULAR, CALIFICACION) VALUES (78, '1000000078', 'Andrés Sánchez', 'andres.sanchez78@email.com', '3001234644', 3);
INSERT INTO USUARIO (IDUSUARIO, CEDULA, NOMBRE, CORREO, CELULAR, CALIFICACION) VALUES (79, '1000000079', 'Stephanie Gómez', 'stephanie.gomez79@email.com', '3001234645', 4);
INSERT INTO USUARIO (IDUSUARIO, CEDULA, NOMBRE, CORREO, CELULAR, CALIFICACION) VALUES (80, '1000000080', 'Santiago Pérez', 'santiago.perez80@email.com', '3001234646', 5);
INSERT INTO USUARIO (IDUSUARIO, CEDULA, NOMBRE, CORREO, CELULAR, CALIFICACION) VALUES (81, '1000000081', 'Camila Rodríguez', 'camila.rodriguez81@email.com', '3001234647', 4);
INSERT INTO USUARIO (IDUSUARIO, CEDULA, NOMBRE, CORREO, CELULAR, CALIFICACION) VALUES (82, '1000000082', 'Javier Martínez', 'javier.martinez82@email.com', '3001234648', 3);
INSERT INTO USUARIO (IDUSUARIO, CEDULA, NOMBRE, CORREO, CELULAR, CALIFICACION) VALUES (83, '1000000083', 'Andrea Silva', 'andrea.silva83@email.com', '3001234649', 5);
INSERT INTO USUARIO (IDUSUARIO, CEDULA, NOMBRE, CORREO, CELULAR, CALIFICACION) VALUES (84, '1000000084', 'Luis Fernández', 'luis.fernandez84@email.com', '3001234650', 4);
INSERT INTO USUARIO (IDUSUARIO, CEDULA, NOMBRE, CORREO, CELULAR, CALIFICACION) VALUES (85, '1000000085', 'María Jiménez', 'maria.jimenez85@email.com', '3001234651', 5);
INSERT INTO USUARIO (IDUSUARIO, CEDULA, NOMBRE, CORREO, CELULAR, CALIFICACION) VALUES (86, '1000000086', 'Carlos González', 'carlos.gonzalez86@email.com', '3001234652', 3);
INSERT INTO USUARIO (IDUSUARIO, CEDULA, NOMBRE, CORREO, CELULAR, CALIFICACION) VALUES (87, '1000000087', 'Daniela Ruiz', 'daniela.ruiz87@email.com', '3001234653', 4);
INSERT INTO USUARIO (IDUSUARIO, CEDULA, NOMBRE, CORREO, CELULAR, CALIFICACION) VALUES (88, '1000000088', 'Miguel Díaz', 'miguel.diaz88@email.com', '3001234654', 5);
INSERT INTO USUARIO (IDUSUARIO, CEDULA, NOMBRE, CORREO, CELULAR, CALIFICACION) VALUES (89, '1000000089', 'Laura Morales', 'laura.morales89@email.com', '3001234655', 4);
INSERT INTO USUARIO (IDUSUARIO, CEDULA, NOMBRE, CORREO, CELULAR, CALIFICACION) VALUES (90, '1000000090', 'Alejandro Ortiz', 'alejandro.ortiz90@email.com', '3001234656', 3);
INSERT INTO USUARIO (IDUSUARIO, CEDULA, NOMBRE, CORREO, CELULAR, CALIFICACION) VALUES (91, '1000000091', 'Paula Mendoza', 'paula.mendoza91@email.com', '3001234657', 5);
INSERT INTO USUARIO (IDUSUARIO, CEDULA, NOMBRE, CORREO, CELULAR, CALIFICACION) VALUES (92, '1000000092', 'Ricardo Flores', 'ricardo.flores92@email.com', '3001234658', 4);
INSERT INTO USUARIO (IDUSUARIO, CEDULA, NOMBRE, CORREO, CELULAR, CALIFICACION) VALUES (93, '1000000093', 'Natasha Aguilar', 'natasha.aguilar93@email.com', '3001234659', 5);
INSERT INTO USUARIO (IDUSUARIO, CEDULA, NOMBRE, CORREO, CELULAR, CALIFICACION) VALUES (94, '1000000094', 'Fernando Cruz', 'fernando.cruz94@email.com', '3001234660', 3);
INSERT INTO USUARIO (IDUSUARIO, CEDULA, NOMBRE, CORREO, CELULAR, CALIFICACION) VALUES (95, '1000000095', 'Ximena Reyes', 'ximena.reyes95@email.com', '3001234661', 4);
INSERT INTO USUARIO (IDUSUARIO, CEDULA, NOMBRE, CORREO, CELULAR, CALIFICACION) VALUES (96, '1000000096', 'Sebastián Vega', 'sebastian.vega96@email.com', '3001234662', 5);
INSERT INTO USUARIO (IDUSUARIO, CEDULA, NOMBRE, CORREO, CELULAR, CALIFICACION) VALUES (97, '1000000097', 'Valentina Romero', 'valentina.romero97@email.com', '3001234663', 4);
INSERT INTO USUARIO (IDUSUARIO, CEDULA, NOMBRE, CORREO, CELULAR, CALIFICACION) VALUES (98, '1000000098', 'Julián Guerrero', 'julian.guerrero98@email.com', '3001234664', 3);
INSERT INTO USUARIO (IDUSUARIO, CEDULA, NOMBRE, CORREO, CELULAR, CALIFICACION) VALUES (99, '1000000099', 'Sofía León', 'sofia.leon99@email.com', '3001234665', 5);
INSERT INTO USUARIO (IDUSUARIO, CEDULA, NOMBRE, CORREO, CELULAR, CALIFICACION) VALUES (100, '1000000100', 'Mateo Ramos', 'mateo.ramos100@email.com', '3001234666', 4);
INSERT INTO USUARIO (IDUSUARIO, CEDULA, NOMBRE, CORREO, CELULAR, CALIFICACION) VALUES (101, '1000000101', 'Mariana Medina', 'mariana.medina101@email.com', '3001234667', 5);
INSERT INTO USUARIO (IDUSUARIO, CEDULA, NOMBRE, CORREO, CELULAR, CALIFICACION) VALUES (102, '1000000102', 'Tomás Delgado', 'tomas.delgado102@email.com', '3001234668', 3);
INSERT INTO USUARIO (IDUSUARIO, CEDULA, NOMBRE, CORREO, CELULAR, CALIFICACION) VALUES (103, '1000000103', 'Gabriela Parra', 'gabriela.parra103@email.com', '3001234669', 4);
INSERT INTO USUARIO (IDUSUARIO, CEDULA, NOMBRE, CORREO, CELULAR, CALIFICACION) VALUES (104, '1000000104', 'Esteban Pineda', 'esteban.pineda104@email.com', '3001234670', 5);
INSERT INTO USUARIO (IDUSUARIO, CEDULA, NOMBRE, CORREO, CELULAR, CALIFICACION) VALUES (105, '1000000105', 'Renata Ávila', 'renata.avila105@email.com', '3001234671', 4);
INSERT INTO USUARIO (IDUSUARIO, CEDULA, NOMBRE, CORREO, CELULAR, CALIFICACION) VALUES (106, '1000000106', 'Álvaro Caicedo', 'alvaro.caicedo106@email.com', '3001234672', 3);
INSERT INTO USUARIO (IDUSUARIO, CEDULA, NOMBRE, CORREO, CELULAR, CALIFICACION) VALUES (107, '1000000107', 'Victoria Gil', 'victoria.gil107@email.com', '3001234673', 5);
INSERT INTO USUARIO (IDUSUARIO, CEDULA, NOMBRE, CORREO, CELULAR, CALIFICACION) VALUES (108, '1000000108', 'Leonardo Cortés', 'leonardo.cortes108@email.com', '3001234674', 4);
INSERT INTO USUARIO (IDUSUARIO, CEDULA, NOMBRE, CORREO, CELULAR, CALIFICACION) VALUES (109, '1000000109', 'Antonella Maldonado', 'antonella.maldonado109@email.com', '3001234675', 5);
INSERT INTO USUARIO (IDUSUARIO, CEDULA, NOMBRE, CORREO, CELULAR, CALIFICACION) VALUES (110, '1000000110', 'Maximiliano Arbeláez', 'maximiliano.arbelaez110@email.com', '3001234676', 3);
INSERT INTO USUARIO (IDUSUARIO, CEDULA, NOMBRE, CORREO, CELULAR, CALIFICACION) VALUES (111, '1000000111', 'Emilia Garzón', 'emilia.garzon111@email.com', '3001234677', 4);
INSERT INTO USUARIO (IDUSUARIO, CEDULA, NOMBRE, CORREO, CELULAR, CALIFICACION) VALUES (112, '1000000112', 'Benjamín Arango', 'benjamin.arango112@email.com', '3001234678', 5);
INSERT INTO USUARIO (IDUSUARIO, CEDULA, NOMBRE, CORREO, CELULAR, CALIFICACION) VALUES (113, '1000000113', 'Valeria Castañeda', 'valeria.castaneda113@email.com', '3001234679', 4);
INSERT INTO USUARIO (IDUSUARIO, CEDULA, NOMBRE, CORREO, CELULAR, CALIFICACION) VALUES (114, '1000000114', 'Lorenzo Restrepo', 'lorenzo.restrepo114@email.com', '3001234680', 3);
INSERT INTO USUARIO (IDUSUARIO, CEDULA, NOMBRE, CORREO, CELULAR, CALIFICACION) VALUES (115, '1000000115', 'Emma Montoya', 'emma.montoya115@email.com', '3001234681', 5);
INSERT INTO USUARIO (IDUSUARIO, CEDULA, NOMBRE, CORREO, CELULAR, CALIFICACION) VALUES (116, '1000000116', 'Thiago Palacios', 'thiago.palacios116@email.com', '3001234682', 4);
INSERT INTO USUARIO (IDUSUARIO, CEDULA, NOMBRE, CORREO, CELULAR, CALIFICACION) VALUES (117, '1000000117', 'Martina Valencia', 'martina.valencia117@email.com', '3001234683', 5);
INSERT INTO USUARIO (IDUSUARIO, CEDULA, NOMBRE, CORREO, CELULAR, CALIFICACION) VALUES (118, '1000000118', 'Joaquín Londoño', 'joaquin.londono118@email.com', '3001234684', 3);
INSERT INTO USUARIO (IDUSUARIO, CEDULA, NOMBRE, CORREO, CELULAR, CALIFICACION) VALUES (119, '1000000119', 'Zoe Bedoya', 'zoe.bedoya119@email.com', '3001234685', 4);
INSERT INTO USUARIO (IDUSUARIO, CEDULA, NOMBRE, CORREO, CELULAR, CALIFICACION) VALUES (120, '1000000120', 'Gael Vélez', 'gael.velez120@email.com', '3001234686', 5);
INSERT INTO USUARIO (IDUSUARIO, CEDULA, NOMBRE, CORREO, CELULAR, CALIFICACION) VALUES (121, '1000000121', 'Luna Saldarriaga', 'luna.saldarriaga121@email.com', '3001234687', 4);
INSERT INTO USUARIO (IDUSUARIO, CEDULA, NOMBRE, CORREO, CELULAR, CALIFICACION) VALUES (122, '1000000122', 'Noah Uribe', 'noah.uribe122@email.com', '3001234688', 3);
INSERT INTO USUARIO (IDUSUARIO, CEDULA, NOMBRE, CORREO, CELULAR, CALIFICACION) VALUES (123, '1000000123', 'Mía Jaramillo', 'mia.jaramillo123@email.com', '3001234689', 5);
INSERT INTO USUARIO (IDUSUARIO, CEDULA, NOMBRE, CORREO, CELULAR, CALIFICACION) VALUES (124, '1000000124', 'Liam Mesa', 'liam.mesa124@email.com', '3001234690', 4);
INSERT INTO USUARIO (IDUSUARIO, CEDULA, NOMBRE, CORREO, CELULAR, CALIFICACION) VALUES (125, '1000000125', 'Aria Echeverri', 'aria.echeverri125@email.com', '3001234691', 5);
INSERT INTO USUARIO (IDUSUARIO, CEDULA, NOMBRE, CORREO, CELULAR, CALIFICACION) VALUES (126, '1000000126', 'Ethan Giraldo', 'ethan.giraldo126@email.com', '3001234692', 3);
INSERT INTO USUARIO (IDUSUARIO, CEDULA, NOMBRE, CORREO, CELULAR, CALIFICACION) VALUES (127, '1000000127', 'Chloe Botero', 'chloe.botero127@email.com', '3001234693', 4);
INSERT INTO USUARIO (IDUSUARIO, CEDULA, NOMBRE, CORREO, CELULAR, CALIFICACION) VALUES (128, '1000000128', 'Oliver Franco', 'oliver.franco128@email.com', '3001234694', 5);
INSERT INTO USUARIO (IDUSUARIO, CEDULA, NOMBRE, CORREO, CELULAR, CALIFICACION) VALUES (129, '1000000129', 'Amelia Henao', 'amelia.henao129@email.com', '3001234695', 4);
INSERT INTO USUARIO (IDUSUARIO, CEDULA, NOMBRE, CORREO, CELULAR, CALIFICACION) VALUES (130, '1000000130', 'Lucas Cárdenas', 'lucas.cardenas130@email.com', '3001234696', 3);
INSERT INTO USUARIO (IDUSUARIO, CEDULA, NOMBRE, CORREO, CELULAR, CALIFICACION) VALUES (131, '1000000131', 'Harper Posada', 'harper.posada131@email.com', '3001234697', 5);
INSERT INTO USUARIO (IDUSUARIO, CEDULA, NOMBRE, CORREO, CELULAR, CALIFICACION) VALUES (132, '1000000132', 'Mason Mejía', 'mason.mejia132@email.com', '3001234698', 4);
INSERT INTO USUARIO (IDUSUARIO, CEDULA, NOMBRE, CORREO, CELULAR, CALIFICACION) VALUES (133, '1000000133', 'Evelyn Agudelo', 'evelyn.agudelo133@email.com', '3001234699', 5);
INSERT INTO USUARIO (IDUSUARIO, CEDULA, NOMBRE, CORREO, CELULAR, CALIFICACION) VALUES (134, '1000000134', 'Logan García', 'logan.garcia134@email.com', '3001234700', 3);
INSERT INTO USUARIO (IDUSUARIO, CEDULA, NOMBRE, CORREO, CELULAR, CALIFICACION) VALUES (135, '1000000135', 'Avery Muñoz', 'avery.munoz135@email.com', '3001234701', 4);
INSERT INTO USUARIO (IDUSUARIO, CEDULA, NOMBRE, CORREO, CELULAR, CALIFICACION) VALUES (136, '1000000136', 'Aiden Ramírez', 'aiden.ramirez136@email.com', '3001234702', 5);
INSERT INTO USUARIO (IDUSUARIO, CEDULA, NOMBRE, CORREO, CELULAR, CALIFICACION) VALUES (137, '1000000137', 'Ella Correa', 'ella.correa137@email.com', '3001234703', 4);
INSERT INTO USUARIO (IDUSUARIO, CEDULA, NOMBRE, CORREO, CELULAR, CALIFICACION) VALUES (138, '1000000138', 'Jackson Vargas', 'jackson.vargas138@email.com', '3001234704', 3);
INSERT INTO USUARIO (IDUSUARIO, CEDULA, NOMBRE, CORREO, CELULAR, CALIFICACION) VALUES (139, '1000000139', 'Scarlett Álvarez', 'scarlett.alvarez139@email.com', '3001234705', 5);
INSERT INTO USUARIO (IDUSUARIO, CEDULA, NOMBRE, CORREO, CELULAR, CALIFICACION) VALUES (140, '1000000140', 'Carter Rojas', 'carter.rojas140@email.com', '3001234706', 4);
INSERT INTO USUARIO (IDUSUARIO, CEDULA, NOMBRE, CORREO, CELULAR, CALIFICACION) VALUES (141, '1000000141', 'Madison López', 'madison.lopez141@email.com', '3001234707', 5);
INSERT INTO USUARIO (IDUSUARIO, CEDULA, NOMBRE, CORREO, CELULAR, CALIFICACION) VALUES (142, '1000000142', 'Wyatt Moreno', 'wyatt.moreno142@email.com', '3001234708', 3);
INSERT INTO USUARIO (IDUSUARIO, CEDULA, NOMBRE, CORREO, CELULAR, CALIFICACION) VALUES (143, '1000000143', 'Layla Torres', 'layla.torres143@email.com', '3001234709', 4);
INSERT INTO USUARIO (IDUSUARIO, CEDULA, NOMBRE, CORREO, CELULAR, CALIFICACION) VALUES (144, '1000000144', 'Grayson Herrera', 'grayson.herrera144@email.com', '3001234710', 5);
INSERT INTO USUARIO (IDUSUARIO, CEDULA, NOMBRE, CORREO, CELULAR, CALIFICACION) VALUES (145, '1000000145', 'Aria Castro', 'aria.castro145@email.com', '3001234711', 4);
INSERT INTO USUARIO (IDUSUARIO, CEDULA, NOMBRE, CORREO, CELULAR, CALIFICACION) VALUES (146, '1000000146', 'Julian Sánchez', 'julian.sanchez146@email.com', '3001234712', 3);
INSERT INTO USUARIO (IDUSUARIO, CEDULA, NOMBRE, CORREO, CELULAR, CALIFICACION) VALUES (147, '1000000147', 'Penelope Gómez', 'penelope.gomez147@email.com', '3001234713', 5);
INSERT INTO USUARIO (IDUSUARIO, CEDULA, NOMBRE, CORREO, CELULAR, CALIFICACION) VALUES (148, '1000000148', 'Leo Pérez', 'leo.perez148@email.com', '3001234714', 4);
INSERT INTO USUARIO (IDUSUARIO, CEDULA, NOMBRE, CORREO, CELULAR, CALIFICACION) VALUES (149, '1000000149', 'Nora Rodríguez', 'nora.rodriguez149@email.com', '3001234715', 5);
INSERT INTO USUARIO (IDUSUARIO, CEDULA, NOMBRE, CORREO, CELULAR, CALIFICACION) VALUES (150, '1000000150', 'Hudson Martínez', 'hudson.martinez150@email.com', '3001234716', 3);
INSERT INTO USUARIO (IDUSUARIO, CEDULA, NOMBRE, CORREO, CELULAR, CALIFICACION) VALUES (151, '1000000151', 'Aurora Silva', 'aurora.silva151@email.com', '3001234717', 4);
INSERT INTO USUARIO (IDUSUARIO, CEDULA, NOMBRE, CORREO, CELULAR, CALIFICACION) VALUES (152, '1000000152', 'Asher Fernández', 'asher.fernandez152@email.com', '3001234718', 5);
INSERT INTO USUARIO (IDUSUARIO, CEDULA, NOMBRE, CORREO, CELULAR, CALIFICACION) VALUES (153, '1000000153', 'Nova Jiménez', 'nova.jimenez153@email.com', '3001234719', 4);
INSERT INTO USUARIO (IDUSUARIO, CEDULA, NOMBRE, CORREO, CELULAR, CALIFICACION) VALUES (154, '1000000154', 'Easton González', 'easton.gonzalez154@email.com', '3001234720', 3);
INSERT INTO USUARIO (IDUSUARIO, CEDULA, NOMBRE, CORREO, CELULAR, CALIFICACION) VALUES (155, '1000000155', 'Violet Ruiz', 'violet.ruiz155@email.com', '3001234721', 5);
INSERT INTO USUARIO (IDUSUARIO, CEDULA, NOMBRE, CORREO, CELULAR, CALIFICACION) VALUES (156, '1000000156', 'Hunter Díaz', 'hunter.diaz156@email.com', '3001234722', 4);
INSERT INTO USUARIO (IDUSUARIO, CEDULA, NOMBRE, CORREO, CELULAR, CALIFICACION) VALUES (157, '1000000157', 'Genesis Morales', 'genesis.morales157@email.com', '3001234723', 5);
INSERT INTO USUARIO (IDUSUARIO, CEDULA, NOMBRE, CORREO, CELULAR, CALIFICACION) VALUES (158, '1000000158', 'Eli Ortiz', 'eli.ortiz158@email.com', '3001234724', 3);
INSERT INTO USUARIO (IDUSUARIO, CEDULA, NOMBRE, CORREO, CELULAR, CALIFICACION) VALUES (159, '1000000159', 'Hazel Mendoza', 'hazel.mendoza159@email.com', '3001234725', 4);
INSERT INTO USUARIO (IDUSUARIO, CEDULA, NOMBRE, CORREO, CELULAR, CALIFICACION) VALUES (160, '1000000160', 'Colton Flores', 'colton.flores160@email.com', '3001234726', 5);
INSERT INTO USUARIO (IDUSUARIO, CEDULA, NOMBRE, CORREO, CELULAR, CALIFICACION) VALUES (161, '1000000161', 'Ivy Aguilar', 'ivy.aguilar161@email.com', '3001234727', 4);
INSERT INTO USUARIO (IDUSUARIO, CEDULA, NOMBRE, CORREO, CELULAR, CALIFICACION) VALUES (162, '1000000162', 'Nolan Cruz', 'nolan.cruz162@email.com', '3001234728', 3);
INSERT INTO USUARIO (IDUSUARIO, CEDULA, NOMBRE, CORREO, CELULAR, CALIFICACION) VALUES (163, '1000000163', 'Piper Reyes', 'piper.reyes163@email.com', '3001234729', 5);
INSERT INTO USUARIO (IDUSUARIO, CEDULA, NOMBRE, CORREO, CELULAR, CALIFICACION) VALUES (164, '1000000164', 'Parker Vega', 'parker.vega164@email.com', '3001234730', 4);
INSERT INTO USUARIO (IDUSUARIO, CEDULA, NOMBRE, CORREO, CELULAR, CALIFICACION) VALUES (165, '1000000165', 'Juniper Romero', 'juniper.romero165@email.com', '3001234731', 5);
INSERT INTO USUARIO (IDUSUARIO, CEDULA, NOMBRE, CORREO, CELULAR, CALIFICACION) VALUES (166, '1000000166', 'Ryder Guerrero', 'ryder.guerrero166@email.com', '3001234732', 3);
INSERT INTO USUARIO (IDUSUARIO, CEDULA, NOMBRE, CORREO, CELULAR, CALIFICACION) VALUES (167, '1000000167', 'Sage León', 'sage.leon167@email.com', '3001234733', 4);
INSERT INTO USUARIO (IDUSUARIO, CEDULA, NOMBRE, CORREO, CELULAR, CALIFICACION) VALUES (168, '1000000168', 'Blake Ramos', 'blake.ramos168@email.com', '3001234734', 5);
INSERT INTO USUARIO (IDUSUARIO, CEDULA, NOMBRE, CORREO, CELULAR, CALIFICACION) VALUES (169, '1000000169', 'Willow Medina', 'willow.medina169@email.com', '3001234735', 4);
INSERT INTO USUARIO (IDUSUARIO, CEDULA, NOMBRE, CORREO, CELULAR, CALIFICACION) VALUES (170, '1000000170', 'Beau Delgado', 'beau.delgado170@email.com', '3001234736', 3);
INSERT INTO USUARIO (IDUSUARIO, CEDULA, NOMBRE, CORREO, CELULAR, CALIFICACION) VALUES (171, '1000000171', 'River Parra', 'river.parra171@email.com', '3001234737', 5);
INSERT INTO USUARIO (IDUSUARIO, CEDULA, NOMBRE, CORREO, CELULAR, CALIFICACION) VALUES (172, '1000000172', 'Rowan Pineda', 'rowan.pineda172@email.com', '3001234738', 4);
INSERT INTO USUARIO (IDUSUARIO, CEDULA, NOMBRE, CORREO, CELULAR, CALIFICACION) VALUES (173, '1000000173', 'Dahlia Ávila', 'dahlia.avila173@email.com', '3001234739', 5);
INSERT INTO USUARIO (IDUSUARIO, CEDULA, NOMBRE, CORREO, CELULAR, CALIFICACION) VALUES (174, '1000000174', 'Kai Caicedo', 'kai.caicedo174@email.com', '3001234740', 3);
INSERT INTO USUARIO (IDUSUARIO, CEDULA, NOMBRE, CORREO, CELULAR, CALIFICACION) VALUES (175, '1000000175', 'Brielle Gil', 'brielle.gil175@email.com', '3001234741', 4);
INSERT INTO USUARIO (IDUSUARIO, CEDULA, NOMBRE, CORREO, CELULAR, CALIFICACION) VALUES (176, '1000000176', 'Knox Cortés', 'knox.cortes176@email.com', '3001234742', 5);
INSERT INTO USUARIO (IDUSUARIO, CEDULA, NOMBRE, CORREO, CELULAR, CALIFICACION) VALUES (177, '1000000177', 'Magnolia Maldonado', 'magnolia.maldonado177@email.com', '3001234743', 4);
INSERT INTO USUARIO (IDUSUARIO, CEDULA, NOMBRE, CORREO, CELULAR, CALIFICACION) VALUES (178, '1000000178', 'Cruz Arbeláez', 'cruz.arbelaez178@email.com', '3001234744', 3);
INSERT INTO USUARIO (IDUSUARIO, CEDULA, NOMBRE, CORREO, CELULAR, CALIFICACION) VALUES (179, '1000000179', 'Poppy Garzón', 'poppy.garzon179@email.com', '3001234745', 5);
INSERT INTO USUARIO (IDUSUARIO, CEDULA, NOMBRE, CORREO, CELULAR, CALIFICACION) VALUES (180, '1000000180', 'Ace Arango', 'ace.arango180@email.com', '3001234746', 4);
INSERT INTO USUARIO (IDUSUARIO, CEDULA, NOMBRE, CORREO, CELULAR, CALIFICACION) VALUES (181, '1000000181', 'Jasmine Castañeda', 'jasmine.castaneda181@email.com', '3001234747', 5);
INSERT INTO USUARIO (IDUSUARIO, CEDULA, NOMBRE, CORREO, CELULAR, CALIFICACION) VALUES (182, '1000000182', 'Orion Restrepo', 'orion.restrepo182@email.com', '3001234748', 3);
INSERT INTO USUARIO (IDUSUARIO, CEDULA, NOMBRE, CORREO, CELULAR, CALIFICACION) VALUES (183, '1000000183', 'Melody Montoya', 'melody.montoya183@email.com', '3001234749', 4);
INSERT INTO USUARIO (IDUSUARIO, CEDULA, NOMBRE, CORREO, CELULAR, CALIFICACION) VALUES (184, '1000000184', 'Atlas Palacios', 'atlas.palacios184@email.com', '3001234750', 5);
INSERT INTO USUARIO (IDUSUARIO, CEDULA, NOMBRE, CORREO, CELULAR, CALIFICACION) VALUES (185, '1000000185', 'Serenity Valencia', 'serenity.valencia185@email.com', '3001234751', 4);
INSERT INTO USUARIO (IDUSUARIO, CEDULA, NOMBRE, CORREO, CELULAR, CALIFICACION) VALUES (186, '1000000186', 'Phoenix Londoño', 'phoenix.londono186@email.com', '3001234752', 3);
INSERT INTO USUARIO (IDUSUARIO, CEDULA, NOMBRE, CORREO, CELULAR, CALIFICACION) VALUES (187, '1000000187', 'Harmony Bedoya', 'harmony.bedoya187@email.com', '3001234753', 5);
INSERT INTO USUARIO (IDUSUARIO, CEDULA, NOMBRE, CORREO, CELULAR, CALIFICACION) VALUES (188, '1000000188', 'Maverick Vélez', 'maverick.velez188@email.com', '3001234754', 4);
INSERT INTO USUARIO (IDUSUARIO, CEDULA, NOMBRE, CORREO, CELULAR, CALIFICACION) VALUES (189, '1000000189', 'Luna Saldarriaga', 'luna.saldarriaga189@email.com', '3001234755', 5);
INSERT INTO USUARIO (IDUSUARIO, CEDULA, NOMBRE, CORREO, CELULAR, CALIFICACION) VALUES (190, '1000000190', 'Mariana Ospina', 'mariana.ospina190@email.com', '3001234756', 4);
INSERT INTO USUARIO (IDUSUARIO, CEDULA, NOMBRE, CORREO, CELULAR, CALIFICACION) VALUES (191, '1000000191', 'Esteban Cardona', 'esteban.cardona191@email.com', '3001234757', 5);
INSERT INTO USUARIO (IDUSUARIO, CEDULA, NOMBRE, CORREO, CELULAR, CALIFICACION) VALUES (192, '1000000192', 'Daniela Salazar', 'daniela.salazar192@email.com', '3001234758', 3);
INSERT INTO USUARIO (IDUSUARIO, CEDULA, NOMBRE, CORREO, CELULAR, CALIFICACION) VALUES (193, '1000000193', 'Leonardo Mejía', 'leonardo.mejia193@email.com', '3001234759', 4);
INSERT INTO USUARIO (IDUSUARIO, CEDULA, NOMBRE, CORREO, CELULAR, CALIFICACION) VALUES (194, '1000000194', 'Valeria Quintero', 'valeria.quintero194@email.com', '3001234760', 5);
INSERT INTO USUARIO (IDUSUARIO, CEDULA, NOMBRE, CORREO, CELULAR, CALIFICACION) VALUES (195, '1000000195', 'Nicolás Betancur', 'nicolas.betancur195@email.com', '3001234761', 4);
INSERT INTO USUARIO (IDUSUARIO, CEDULA, NOMBRE, CORREO, CELULAR, CALIFICACION) VALUES (196, '1000000196', 'Andrea Zapata', 'andrea.zapata196@email.com', '3001234762', 3);
INSERT INTO USUARIO (IDUSUARIO, CEDULA, NOMBRE, CORREO, CELULAR, CALIFICACION) VALUES (197, '1000000197', 'Tomás Henao', 'tomas.henao197@email.com', '3001234763', 5);
INSERT INTO USUARIO (IDUSUARIO, CEDULA, NOMBRE, CORREO, CELULAR, CALIFICACION) VALUES (198, '1000000198', 'Lucía Giraldo', 'lucia.giraldo198@email.com', '3001234764', 4);
INSERT INTO USUARIO (IDUSUARIO, CEDULA, NOMBRE, CORREO, CELULAR, CALIFICACION) VALUES (199, '1000000199', 'Óscar Montoya', 'oscar.montoya199@email.com', '3001234765', 5);
INSERT INTO USUARIO (IDUSUARIO, CEDULA, NOMBRE, CORREO, CELULAR, CALIFICACION) VALUES (200, '1000000200', 'Stephanie Castaño', 'stephanie.castano200@email.com', '3001234766', 4);

INSERT INTO USUARIO (IDUSUARIO, CEDULA, NOMBRE, CORREO, CELULAR, CALIFICACION) VALUES (201, '2000000001', 'Conductor José Ramírez', 'jose.ramirez.conductor@email.com', '3101234567', 5);
INSERT INTO USUARIO (IDUSUARIO, CEDULA, NOMBRE, CORREO, CELULAR, CALIFICACION) VALUES (202, '2000000002', 'Conductor Pedro González', 'pedro.gonzalez.conductor@email.com', '3101234568', 4);
INSERT INTO USUARIO (IDUSUARIO, CEDULA, NOMBRE, CORREO, CELULAR, CALIFICACION) VALUES (203, '2000000003', 'Conductor Luis Fernández', 'luis.fernandez.conductor@email.com', '3101234569', 5);
INSERT INTO USUARIO (IDUSUARIO, CEDULA, NOMBRE, CORREO, CELULAR, CALIFICACION) VALUES (204, '2000000004', 'Conductor Antonio Díaz', 'antonio.diaz.conductor@email.com', '3101234570', 4);
INSERT INTO USUARIO (IDUSUARIO, CEDULA, NOMBRE, CORREO, CELULAR, CALIFICACION) VALUES (205, '2000000005', 'Conductor Manuel Ruiz', 'manuel.ruiz.conductor@email.com', '3101234571', 3);
INSERT INTO USUARIO (IDUSUARIO, CEDULA, NOMBRE, CORREO, CELULAR, CALIFICACION) VALUES (206, '2000000006', 'Conductor Francisco López', 'francisco.lopez.conductor@email.com', '3101234572', 5);
INSERT INTO USUARIO (IDUSUARIO, CEDULA, NOMBRE, CORREO, CELULAR, CALIFICACION) VALUES (207, '2000000007', 'Conductor Jorge Martín', 'jorge.martin.conductor@email.com', '3101234573', 4);
INSERT INTO USUARIO (IDUSUARIO, CEDULA, NOMBRE, CORREO, CELULAR, CALIFICACION) VALUES (208, '2000000008', 'Conductor Ángel Sánchez', 'angel.sanchez.conductor@email.com', '3101234574', 5);
INSERT INTO USUARIO (IDUSUARIO, CEDULA, NOMBRE, CORREO, CELULAR, CALIFICACION) VALUES (209, '2000000009', 'Conductor Rafael Torres', 'rafael.torres.conductor@email.com', '3101234575', 3);
INSERT INTO USUARIO (IDUSUARIO, CEDULA, NOMBRE, CORREO, CELULAR, CALIFICACION) VALUES (210, '2000000010', 'Conductor Miguel Jiménez', 'miguel.jimenez.conductor@email.com', '3101234576', 4);

INSERT INTO USUARIO (IDUSUARIO, CEDULA, NOMBRE, CORREO, CELULAR, CALIFICACION) VALUES (211, '2000000011', 'Conductor Alberto Mendoza', 'alberto.mendoza.conductor@email.com', '3101234577', 5);
INSERT INTO USUARIO (IDUSUARIO, CEDULA, NOMBRE, CORREO, CELULAR, CALIFICACION) VALUES (212, '2000000012', 'Conductor Carlos Herrera', 'carlos.herrera.conductor@email.com', '3101234578', 4);
INSERT INTO USUARIO (IDUSUARIO, CEDULA, NOMBRE, CORREO, CELULAR, CALIFICACION) VALUES (213, '2000000013', 'Conductor Eduardo Silva', 'eduardo.silva.conductor@email.com', '3101234579', 3);
INSERT INTO USUARIO (IDUSUARIO, CEDULA, NOMBRE, CORREO, CELULAR, CALIFICACION) VALUES (214, '2000000014', 'Conductor Fabián Castro', 'fabian.castro.conductor@email.com', '3101234580', 5);
INSERT INTO USUARIO (IDUSUARIO, CEDULA, NOMBRE, CORREO, CELULAR, CALIFICACION) VALUES (215, '2000000015', 'Conductor Germán Rojas', 'german.rojas.conductor@email.com', '3101234581', 4);
INSERT INTO USUARIO (IDUSUARIO, CEDULA, NOMBRE, CORREO, CELULAR, CALIFICACION) VALUES (216, '2000000016', 'Conductor Hugo Morales', 'hugo.morales.conductor@email.com', '3101234582', 5);
INSERT INTO USUARIO (IDUSUARIO, CEDULA, NOMBRE, CORREO, CELULAR, CALIFICACION) VALUES (217, '2000000017', 'Conductor Ignacio Vargas', 'ignacio.vargas.conductor@email.com', '3101234583', 3);
INSERT INTO USUARIO (IDUSUARIO, CEDULA, NOMBRE, CORREO, CELULAR, CALIFICACION) VALUES (218, '2000000018', 'Conductor Jairo Delgado', 'jairo.delgado.conductor@email.com', '3101234584', 4);
INSERT INTO USUARIO (IDUSUARIO, CEDULA, NOMBRE, CORREO, CELULAR, CALIFICACION) VALUES (219, '2000000019', 'Conductor Kevin Parra', 'kevin.parra.conductor@email.com', '3101234585', 5);
INSERT INTO USUARIO (IDUSUARIO, CEDULA, NOMBRE, CORREO, CELULAR, CALIFICACION) VALUES (220, '2000000020', 'Conductor Leonardo Aguirre', 'leonardo.aguirre.conductor@email.com', '3101234586', 4);
INSERT INTO USUARIO (IDUSUARIO, CEDULA, NOMBRE, CORREO, CELULAR, CALIFICACION) VALUES (221, '2000000021', 'Conductor Mario Quintero', 'mario.quintero.conductor@email.com', '3101234587', 3);
INSERT INTO USUARIO (IDUSUARIO, CEDULA, NOMBRE, CORREO, CELULAR, CALIFICACION) VALUES (222, '2000000022', 'Conductor Nicolás Peña', 'nicolas.pena.conductor@email.com', '3101234588', 5);
INSERT INTO USUARIO (IDUSUARIO, CEDULA, NOMBRE, CORREO, CELULAR, CALIFICACION) VALUES (223, '2000000023', 'Conductor Orlando Valencia', 'orlando.valencia.conductor@email.com', '3101234589', 4);
INSERT INTO USUARIO (IDUSUARIO, CEDULA, NOMBRE, CORREO, CELULAR, CALIFICACION) VALUES (224, '2000000024', 'Conductor Pablo Montoya', 'pablo.montoya.conductor@email.com', '3101234590', 5);
INSERT INTO USUARIO (IDUSUARIO, CEDULA, NOMBRE, CORREO, CELULAR, CALIFICACION) VALUES (225, '2000000025', 'Conductor Rodrigo Cardona', 'rodrigo.cardona.conductor@email.com', '3101234591', 3);
INSERT INTO USUARIO (IDUSUARIO, CEDULA, NOMBRE, CORREO, CELULAR, CALIFICACION) VALUES (226, '2000000026', 'Conductor Samuel Giraldo', 'samuel.giraldo.conductor@email.com', '3101234592', 4);
INSERT INTO USUARIO (IDUSUARIO, CEDULA, NOMBRE, CORREO, CELULAR, CALIFICACION) VALUES (227, '2000000027', 'Conductor Tomás Ospina', 'tomas.ospina.conductor@email.com', '3101234593', 5);
INSERT INTO USUARIO (IDUSUARIO, CEDULA, NOMBRE, CORREO, CELULAR, CALIFICACION) VALUES (228, '2000000028', 'Conductor Ulises Henao', 'ulises.henao.conductor@email.com', '3101234594', 4);
INSERT INTO USUARIO (IDUSUARIO, CEDULA, NOMBRE, CORREO, CELULAR, CALIFICACION) VALUES (229, '2000000029', 'Conductor Víctor Salazar', 'victor.salazar.conductor@email.com', '3101234595', 3);
INSERT INTO USUARIO (IDUSUARIO, CEDULA, NOMBRE, CORREO, CELULAR, CALIFICACION) VALUES (230, '2000000030', 'Conductor William Betancur', 'william.betancur.conductor@email.com', '3101234596', 5);
INSERT INTO USUARIO (IDUSUARIO, CEDULA, NOMBRE, CORREO, CELULAR, CALIFICACION) VALUES (231, '2000000031', 'Conductor Xavier Zapata', 'xavier.zapata.conductor@email.com', '3101234597', 4);
INSERT INTO USUARIO (IDUSUARIO, CEDULA, NOMBRE, CORREO, CELULAR, CALIFICACION) VALUES (232, '2000000032', 'Conductor Yesid Mejía', 'yesid.mejia.conductor@email.com', '3101234598', 5);
INSERT INTO USUARIO (IDUSUARIO, CEDULA, NOMBRE, CORREO, CELULAR, CALIFICACION) VALUES (233, '2000000033', 'Conductor Zacarías Franco', 'zacarias.franco.conductor@email.com', '3101234599', 3);
INSERT INTO USUARIO (IDUSUARIO, CEDULA, NOMBRE, CORREO, CELULAR, CALIFICACION) VALUES (234, '2000000034', 'Conductor Adrián Cárdenas', 'adrian.cardenas.conductor@email.com', '3101234600', 4);
INSERT INTO USUARIO (IDUSUARIO, CEDULA, NOMBRE, CORREO, CELULAR, CALIFICACION) VALUES (235, '2000000035', 'Conductor Braulio Posada', 'braulio.posada.conductor@email.com', '3101234601', 5);
INSERT INTO USUARIO (IDUSUARIO, CEDULA, NOMBRE, CORREO, CELULAR, CALIFICACION) VALUES (236, '2000000036', 'Conductor Claudio Agudelo', 'claudio.agudelo.conductor@email.com', '3101234602', 4);
INSERT INTO USUARIO (IDUSUARIO, CEDULA, NOMBRE, CORREO, CELULAR, CALIFICACION) VALUES (237, '2000000037', 'Conductor Damián García', 'damian.garcia.conductor@email.com', '3101234603', 3);
INSERT INTO USUARIO (IDUSUARIO, CEDULA, NOMBRE, CORREO, CELULAR, CALIFICACION) VALUES (238, '2000000038', 'Conductor Emiliano Muñoz', 'emiliano.munoz.conductor@email.com', '3101234604', 5);
INSERT INTO USUARIO (IDUSUARIO, CEDULA, NOMBRE, CORREO, CELULAR, CALIFICACION) VALUES (239, '2000000039', 'Conductor Florencio Ramírez', 'florencio.ramirez.conductor@email.com', '3101234605', 4);
INSERT INTO USUARIO (IDUSUARIO, CEDULA, NOMBRE, CORREO, CELULAR, CALIFICACION) VALUES (240, '2000000040', 'Conductor Gonzalo Correa', 'gonzalo.correa.conductor@email.com', '3101234606', 5);
INSERT INTO USUARIO (IDUSUARIO, CEDULA, NOMBRE, CORREO, CELULAR, CALIFICACION) VALUES (241, '2000000041', 'Conductor Hernando Álvarez', 'hernando.alvarez.conductor@email.com', '3101234607', 3);
INSERT INTO USUARIO (IDUSUARIO, CEDULA, NOMBRE, CORREO, CELULAR, CALIFICACION) VALUES (242, '2000000042', 'Conductor Isidro López', 'isidro.lopez.conductor@email.com', '3101234608', 4);
INSERT INTO USUARIO (IDUSUARIO, CEDULA, NOMBRE, CORREO, CELULAR, CALIFICACION) VALUES (243, '2000000043', 'Conductor Joaquín Moreno', 'joaquin.moreno.conductor@email.com', '3101234609', 5);
INSERT INTO USUARIO (IDUSUARIO, CEDULA, NOMBRE, CORREO, CELULAR, CALIFICACION) VALUES (244, '2000000044', 'Conductor Koldo Torres', 'koldo.torres.conductor@email.com', '3101234610', 4);
INSERT INTO USUARIO (IDUSUARIO, CEDULA, NOMBRE, CORREO, CELULAR, CALIFICACION) VALUES (245, '2000000045', 'Conductor Laureano Herrera', 'laureano.herrera.conductor@email.com', '3101234611', 3);
INSERT INTO USUARIO (IDUSUARIO, CEDULA, NOMBRE, CORREO, CELULAR, CALIFICACION) VALUES (246, '2000000046', 'Conductor Máximo Castro', 'maximo.castro.conductor@email.com', '3101234612', 5);
INSERT INTO USUARIO (IDUSUARIO, CEDULA, NOMBRE, CORREO, CELULAR, CALIFICACION) VALUES (247, '2000000047', 'Conductor Néstor Sánchez', 'nestor.sanchez.conductor@email.com', '3101234613', 4);
INSERT INTO USUARIO (IDUSUARIO, CEDULA, NOMBRE, CORREO, CELULAR, CALIFICACION) VALUES (248, '2000000048', 'Conductor Octavio Gómez', 'octavio.gomez.conductor@email.com', '3101234614', 5);
INSERT INTO USUARIO (IDUSUARIO, CEDULA, NOMBRE, CORREO, CELULAR, CALIFICACION) VALUES (249, '2000000049', 'Conductor Patricio Pérez', 'patricio.perez.conductor@email.com', '3101234615', 3);
INSERT INTO USUARIO (IDUSUARIO, CEDULA, NOMBRE, CORREO, CELULAR, CALIFICACION) VALUES (250, '2000000050', 'Conductor Quirino Rodríguez', 'quirino.rodriguez.conductor@email.com', '3101234616', 4);
INSERT INTO USUARIO (IDUSUARIO, CEDULA, NOMBRE, CORREO, CELULAR, CALIFICACION) VALUES (251, '2000000051', 'Conductor Rogelio Martínez', 'rogelio.martinez.conductor@email.com', '3101234617', 5);
INSERT INTO USUARIO (IDUSUARIO, CEDULA, NOMBRE, CORREO, CELULAR, CALIFICACION) VALUES (252, '2000000052', 'Conductor Silvano Silva', 'silvano.silva.conductor@email.com', '3101234618', 4);
INSERT INTO USUARIO (IDUSUARIO, CEDULA, NOMBRE, CORREO, CELULAR, CALIFICACION) VALUES (253, '2000000053', 'Conductor Teodoro Fernández', 'teodoro.fernandez.conductor@email.com', '3101234619', 3);
INSERT INTO USUARIO (IDUSUARIO, CEDULA, NOMBRE, CORREO, CELULAR, CALIFICACION) VALUES (254, '2000000054', 'Conductor Urbano Jiménez', 'urbano.jimenez.conductor@email.com', '3101234620', 5);
INSERT INTO USUARIO (IDUSUARIO, CEDULA, NOMBRE, CORREO, CELULAR, CALIFICACION) VALUES (255, '2000000055', 'Conductor Valentín González', 'valentin.gonzalez.conductor@email.com', '3101234621', 4);
INSERT INTO USUARIO (IDUSUARIO, CEDULA, NOMBRE, CORREO, CELULAR, CALIFICACION) VALUES (256, '2000000056', 'Conductor Wenceslao Ruiz', 'wenceslao.ruiz.conductor@email.com', '3101234622', 5);
INSERT INTO USUARIO (IDUSUARIO, CEDULA, NOMBRE, CORREO, CELULAR, CALIFICACION) VALUES (257, '2000000057', 'Conductor Xenón Díaz', 'xenon.diaz.conductor@email.com', '3101234623', 3);
INSERT INTO USUARIO (IDUSUARIO, CEDULA, NOMBRE, CORREO, CELULAR, CALIFICACION) VALUES (258, '2000000058', 'Conductor Yago Morales', 'yago.morales.conductor@email.com', '3101234624', 4);
INSERT INTO USUARIO (IDUSUARIO, CEDULA, NOMBRE, CORREO, CELULAR, CALIFICACION) VALUES (259, '2000000059', 'Conductor Zenón Ortiz', 'zenon.ortiz.conductor@email.com', '3101234625', 5);
INSERT INTO USUARIO (IDUSUARIO, CEDULA, NOMBRE, CORREO, CELULAR, CALIFICACION) VALUES (260, '2000000060', 'Conductor Arsenio Mendoza', 'arsenio.mendoza.conductor@email.com', '3101234626', 4);
INSERT INTO USUARIO (IDUSUARIO, CEDULA, NOMBRE, CORREO, CELULAR, CALIFICACION) VALUES (261, '2000000061', 'Conductor Bartolomé Flores', 'bartolome.flores.conductor@email.com', '3101234627', 3);
INSERT INTO USUARIO (IDUSUARIO, CEDULA, NOMBRE, CORREO, CELULAR, CALIFICACION) VALUES (262, '2000000062', 'Conductor Crescencio Aguilar', 'crescencio.aguilar.conductor@email.com', '3101234628', 5);
INSERT INTO USUARIO (IDUSUARIO, CEDULA, NOMBRE, CORREO, CELULAR, CALIFICACION) VALUES (263, '2000000063', 'Conductor Doroteo Cruz', 'doroteo.cruz.conductor@email.com', '3101234629', 4);
INSERT INTO USUARIO (IDUSUARIO, CEDULA, NOMBRE, CORREO, CELULAR, CALIFICACION) VALUES (264, '2000000064', 'Conductor Evaristo Reyes', 'evaristo.reyes.conductor@email.com', '3101234630', 5);
INSERT INTO USUARIO (IDUSUARIO, CEDULA, NOMBRE, CORREO, CELULAR, CALIFICACION) VALUES (265, '2000000065', 'Conductor Fulgencio Vega', 'fulgencio.vega.conductor@email.com', '3101234631', 3);
INSERT INTO USUARIO (IDUSUARIO, CEDULA, NOMBRE, CORREO, CELULAR, CALIFICACION) VALUES (266, '2000000066', 'Conductor Gaudencio Romero', 'gaudencio.romero.conductor@email.com', '3101234632', 4);
INSERT INTO USUARIO (IDUSUARIO, CEDULA, NOMBRE, CORREO, CELULAR, CALIFICACION) VALUES (267, '2000000067', 'Conductor Hipólito Guerrero', 'hipolito.guerrero.conductor@email.com', '3101234633', 5);
INSERT INTO USUARIO (IDUSUARIO, CEDULA, NOMBRE, CORREO, CELULAR, CALIFICACION) VALUES (268, '2000000068', 'Conductor Inocencio León', 'inocencio.leon.conductor@email.com', '3101234634', 4);
INSERT INTO USUARIO (IDUSUARIO, CEDULA, NOMBRE, CORREO, CELULAR, CALIFICACION) VALUES (269, '2000000069', 'Conductor Jacinto Ramos', 'jacinto.ramos.conductor@email.com', '3101234635', 3);
INSERT INTO USUARIO (IDUSUARIO, CEDULA, NOMBRE, CORREO, CELULAR, CALIFICACION) VALUES (270, '2000000070', 'Conductor Kilian Medina', 'kilian.medina.conductor@email.com', '3101234636', 5);
INSERT INTO USUARIO (IDUSUARIO, CEDULA, NOMBRE, CORREO, CELULAR, CALIFICACION) VALUES (271, '2000000071', 'Conductor Leoncio Delgado', 'leoncio.delgado.conductor@email.com', '3101234637', 4);
INSERT INTO USUARIO (IDUSUARIO, CEDULA, NOMBRE, CORREO, CELULAR, CALIFICACION) VALUES (272, '2000000072', 'Conductor Marcelino Parra', 'marcelino.parra.conductor@email.com', '3101234638', 5);
INSERT INTO USUARIO (IDUSUARIO, CEDULA, NOMBRE, CORREO, CELULAR, CALIFICACION) VALUES (273, '2000000073', 'Conductor Nemesio Pineda', 'nemesio.pineda.conductor@email.com', '3101234639', 3);
INSERT INTO USUARIO (IDUSUARIO, CEDULA, NOMBRE, CORREO, CELULAR, CALIFICACION) VALUES (274, '2000000074', 'Conductor Onésimo Ávila', 'onesimo.avila.conductor@email.com', '3101234640', 4);
INSERT INTO USUARIO (IDUSUARIO, CEDULA, NOMBRE, CORREO, CELULAR, CALIFICACION) VALUES (275, '2000000075', 'Conductor Plácido Caicedo', 'placido.caicedo.conductor@email.com', '3101234641', 5);
INSERT INTO USUARIO (IDUSUARIO, CEDULA, NOMBRE, CORREO, CELULAR, CALIFICACION) VALUES (276, '2000000076', 'Conductor Querubín Gil', 'querubin.gil.conductor@email.com', '3101234642', 4);
INSERT INTO USUARIO (IDUSUARIO, CEDULA, NOMBRE, CORREO, CELULAR, CALIFICACION) VALUES (277, '2000000077', 'Conductor Remigio Cortés', 'remigio.cortes.conductor@email.com', '3101234643', 3);
INSERT INTO USUARIO (IDUSUARIO, CEDULA, NOMBRE, CORREO, CELULAR, CALIFICACION) VALUES (278, '2000000078', 'Conductor Saturnino Maldonado', 'saturnino.maldonado.conductor@email.com', '3101234644', 5);
INSERT INTO USUARIO (IDUSUARIO, CEDULA, NOMBRE, CORREO, CELULAR, CALIFICACION) VALUES (279, '2000000079', 'Conductor Teófilo Arbeláez', 'teofilo.arbelaez.conductor@email.com', '3101234645', 4);
INSERT INTO USUARIO (IDUSUARIO, CEDULA, NOMBRE, CORREO, CELULAR, CALIFICACION) VALUES (280, '2000000080', 'Conductor Ubaldo Garzón', 'ubaldo.garzon.conductor@email.com', '3101234646', 5);
INSERT INTO USUARIO (IDUSUARIO, CEDULA, NOMBRE, CORREO, CELULAR, CALIFICACION) VALUES (281, '2000000081', 'Conductor Venancio Arango', 'venancio.arango.conductor@email.com', '3101234647', 3);
INSERT INTO USUARIO (IDUSUARIO, CEDULA, NOMBRE, CORREO, CELULAR, CALIFICACION) VALUES (282, '2000000082', 'Conductor Wifredo Castañeda', 'wifredo.castaneda.conductor@email.com', '3101234648', 4);
INSERT INTO USUARIO (IDUSUARIO, CEDULA, NOMBRE, CORREO, CELULAR, CALIFICACION) VALUES (283, '2000000083', 'Conductor Xabier Restrepo', 'xabier.restrepo.conductor@email.com', '3101234649', 5);
INSERT INTO USUARIO (IDUSUARIO, CEDULA, NOMBRE, CORREO, CELULAR, CALIFICACION) VALUES (284, '2000000084', 'Conductor Yolanda Montoya', 'yolanda.montoya.conductor@email.com', '3101234650', 4);
INSERT INTO USUARIO (IDUSUARIO, CEDULA, NOMBRE, CORREO, CELULAR, CALIFICACION) VALUES (285, '2000000085', 'Conductor Zacarías Palacios', 'zacarias.palacios.conductor@email.com', '3101234651', 3);
INSERT INTO USUARIO (IDUSUARIO, CEDULA, NOMBRE, CORREO, CELULAR, CALIFICACION) VALUES (286, '2000000086', 'Conductor Abundio Valencia', 'abundio.valencia.conductor@email.com', '3101234652', 5);
INSERT INTO USUARIO (IDUSUARIO, CEDULA, NOMBRE, CORREO, CELULAR, CALIFICACION) VALUES (287, '2000000087', 'Conductor Benedicto Londoño', 'benedicto.londono.conductor@email.com', '3101234653', 4);
INSERT INTO USUARIO (IDUSUARIO, CEDULA, NOMBRE, CORREO, CELULAR, CALIFICACION) VALUES (288, '2000000088', 'Conductor Crescente Bedoya', 'crescente.bedoya.conductor@email.com', '3101234654', 5);
INSERT INTO USUARIO (IDUSUARIO, CEDULA, NOMBRE, CORREO, CELULAR, CALIFICACION) VALUES (289, '2000000089', 'Conductor Desiderio Vélez', 'desiderio.velez.conductor@email.com', '3101234655', 3);

INSERT INTO USUARIO (IDUSUARIO, CEDULA, NOMBRE, CORREO, CELULAR, CALIFICACION) VALUES (290, '2000000090', 'Conductor Héctor Vargas', 'hector.vargas.conductor@email.com', '3101234656', 4);
INSERT INTO USUARIO (IDUSUARIO, CEDULA, NOMBRE, CORREO, CELULAR, CALIFICACION) VALUES (291, '2000000091', 'Conductor Iván Castillo', 'ivan.castillo.conductor@email.com', '3101234657', 5);
INSERT INTO USUARIO (IDUSUARIO, CEDULA, NOMBRE, CORREO, CELULAR, CALIFICACION) VALUES (292, '2000000092', 'Conductor Jaime Mora', 'jaime.mora.conductor@email.com', '3101234658', 3);
INSERT INTO USUARIO (IDUSUARIO, CEDULA, NOMBRE, CORREO, CELULAR, CALIFICACION) VALUES (293, '2000000093', 'Conductor Camilo Ríos', 'camilo.rios.conductor@email.com', '3101234659', 4);
INSERT INTO USUARIO (IDUSUARIO, CEDULA, NOMBRE, CORREO, CELULAR, CALIFICACION) VALUES (294, '2000000094', 'Conductor Álvaro Soto', 'alvaro.soto.conductor@email.com', '3101234660', 5);
INSERT INTO USUARIO (IDUSUARIO, CEDULA, NOMBRE, CORREO, CELULAR, CALIFICACION) VALUES (295, '2000000095', 'Conductor Rubén Peña', 'ruben.pena.conductor@email.com', '3101234661', 4);
INSERT INTO USUARIO (IDUSUARIO, CEDULA, NOMBRE, CORREO, CELULAR, CALIFICACION) VALUES (296, '2000000096', 'Conductor Guillermo Vega', 'guillermo.vega.conductor@email.com', '3101234662', 3);
INSERT INTO USUARIO (IDUSUARIO, CEDULA, NOMBRE, CORREO, CELULAR, CALIFICACION) VALUES (297, '2000000097', 'Conductor Raúl Herrera', 'raul.herrera.conductor@email.com', '3101234663', 5);
INSERT INTO USUARIO (IDUSUARIO, CEDULA, NOMBRE, CORREO, CELULAR, CALIFICACION) VALUES (298, '2000000098', 'Conductor Emilio Castro', 'emilio.castro.conductor@email.com', '3101234664', 4);
INSERT INTO USUARIO (IDUSUARIO, CEDULA, NOMBRE, CORREO, CELULAR, CALIFICACION) VALUES (299, '2000000099', 'Conductor Gonzalo Moreno', 'gonzalo.moreno.conductor@email.com', '3101234665', 5);
INSERT INTO USUARIO (IDUSUARIO, CEDULA, NOMBRE, CORREO, CELULAR, CALIFICACION) VALUES (300, '2000000100', 'Conductor Arturo Delgado', 'arturo.delgado.conductor@email.com', '3101234666', 4);

INSERT INTO USUARIO_CONDUCTOR (IDUSUARIO) SELECT IDUSUARIO FROM USUARIO WHERE IDUSUARIO BETWEEN 201 AND 300;

INSERT INTO VEHICULO (IDVEHICULO, PLACA, MARCA, MODELO, CAPACIDADPASAJEROS, NIVEL, IDUSUARIOCONDUCTOR) VALUES (1, 'ABC123', 'Toyota', 'Corolla', 4, 'ESTANDAR', 201);
INSERT INTO VEHICULO (IDVEHICULO, PLACA, MARCA, MODELO, CAPACIDADPASAJEROS, NIVEL, IDUSUARIOCONDUCTOR) VALUES (2, 'DEF456', 'Chevrolet', 'Spark', 4, 'ESTANDAR', 202);
INSERT INTO VEHICULO (IDVEHICULO, PLACA, MARCA, MODELO, CAPACIDADPASAJEROS, NIVEL, IDUSUARIOCONDUCTOR) VALUES (3, 'GHI789', 'Nissan', 'Sentra', 4, 'COMFORT', 203);
INSERT INTO VEHICULO (IDVEHICULO, PLACA, MARCA, MODELO, CAPACIDADPASAJEROS, NIVEL, IDUSUARIOCONDUCTOR) VALUES (4, 'JKL012', 'Hyundai', 'Accent', 4, 'ESTANDAR', 204);
INSERT INTO VEHICULO (IDVEHICULO, PLACA, MARCA, MODELO, CAPACIDADPASAJEROS, NIVEL, IDUSUARIOCONDUCTOR) VALUES (5, 'MNO345', 'Kia', 'Rio', 4, 'ESTANDAR', 205);

INSERT INTO VEHICULO (IDVEHICULO, PLACA, MARCA, MODELO, CAPACIDADPASAJEROS, NIVEL, IDUSUARIOCONDUCTOR) VALUES (150, 'ZZZ999', 'Mercedes', 'Clase C', 4, 'LARGE', 300);

INSERT INTO SERVICIO (IDSERVICIO, DISTANCIAKM, IDTARIFA, TIPOSERVICIO, FECHA, COSTO, IDUSUARIOCONDUCTOR, IDUSUARIO) VALUES (1, 15.5, 1, 'TRANSPORTE', TO_DATE('2024-01-15', 'YYYY-MM-DD'), 25000, 201, 1);
INSERT INTO SERVICIO (IDSERVICIO, DISTANCIAKM, IDTARIFA, TIPOSERVICIO, FECHA, COSTO, IDUSUARIOCONDUCTOR, IDUSUARIO) VALUES (2, 8.2, 1, 'TRANSPORTE', TO_DATE('2024-01-15', 'YYYY-MM-DD'), 15000, 202, 2);
INSERT INTO SERVICIO (IDSERVICIO, DISTANCIAKM, IDTARIFA, TIPOSERVICIO, FECHA, COSTO, IDUSUARIOCONDUCTOR, IDUSUARIO) VALUES (3, 22.3, 2, 'DOMICILIO', TO_DATE('2024-01-16', 'YYYY-MM-DD'), 35000, 203, 3);
INSERT INTO SERVICIO (IDSERVICIO, DISTANCIAKM, IDTARIFA, TIPOSERVICIO, FECHA, COSTO, IDUSUARIOCONDUCTOR, IDUSUARIO) VALUES (4, 12.1, 1, 'TRANSPORTE', TO_DATE('2024-01-16', 'YYYY-MM-DD'), 20000, 204, 4);
INSERT INTO SERVICIO (IDSERVICIO, DISTANCIAKM, IDTARIFA, TIPOSERVICIO, FECHA, COSTO, IDUSUARIOCONDUCTOR, IDUSUARIO) VALUES (5, 18.7, 2, 'MERCANCIA', TO_DATE('2024-01-17', 'YYYY-MM-DD'), 30000, 205, 5);


INSERT INTO SERVICIO (IDSERVICIO, DISTANCIAKM, IDTARIFA, TIPOSERVICIO, FECHA, COSTO, IDUSUARIOCONDUCTOR, IDUSUARIO) VALUES (6, 10.3, 1, 'TRANSPORTE', TO_DATE('2024-01-18', 'YYYY-MM-DD'), 18000, 206, 6);
INSERT INTO SERVICIO (IDSERVICIO, DISTANCIAKM, IDTARIFA, TIPOSERVICIO, FECHA, COSTO, IDUSUARIOCONDUCTOR, IDUSUARIO) VALUES (7, 25.8, 2, 'DOMICILIO', TO_DATE('2024-01-18', 'YYYY-MM-DD'), 40000, 207, 7);
INSERT INTO SERVICIO (IDSERVICIO, DISTANCIAKM, IDTARIFA, TIPOSERVICIO, FECHA, COSTO, IDUSUARIOCONDUCTOR, IDUSUARIO) VALUES (8, 14.2, 1, 'TRANSPORTE', TO_DATE('2024-01-19', 'YYYY-MM-DD'), 22000, 208, 8);
INSERT INTO SERVICIO (IDSERVICIO, DISTANCIAKM, IDTARIFA, TIPOSERVICIO, FECHA, COSTO, IDUSUARIOCONDUCTOR, IDUSUARIO) VALUES (9, 7.5, 1, 'TRANSPORTE', TO_DATE('2024-01-19', 'YYYY-MM-DD'), 12000, 209, 9);
INSERT INTO SERVICIO (IDSERVICIO, DISTANCIAKM, IDTARIFA, TIPOSERVICIO, FECHA, COSTO, IDUSUARIOCONDUCTOR, IDUSUARIO) VALUES (10, 30.1, 3, 'MERCANCIA', TO_DATE('2024-01-20', 'YYYY-MM-DD'), 50000, 210, 10);

INSERT INTO SERVICIO (IDSERVICIO, DISTANCIAKM, IDTARIFA, TIPOSERVICIO, FECHA, COSTO, IDUSUARIOCONDUCTOR, IDUSUARIO) VALUES (11, 16.7, 1, 'TRANSPORTE', TO_DATE('2024-01-21', 'YYYY-MM-DD'), 26000, 211, 11);
INSERT INTO SERVICIO (IDSERVICIO, DISTANCIAKM, IDTARIFA, TIPOSERVICIO, FECHA, COSTO, IDUSUARIOCONDUCTOR, IDUSUARIO) VALUES (12, 13.4, 2, 'DOMICILIO', TO_DATE('2024-01-21', 'YYYY-MM-DD'), 21000, 212, 12);
INSERT INTO SERVICIO (IDSERVICIO, DISTANCIAKM, IDTARIFA, TIPOSERVICIO, FECHA, COSTO, IDUSUARIOCONDUCTOR, IDUSUARIO) VALUES (13, 19.8, 1, 'TRANSPORTE', TO_DATE('2024-01-22', 'YYYY-MM-DD'), 31000, 213, 13);
INSERT INTO SERVICIO (IDSERVICIO, DISTANCIAKM, IDTARIFA, TIPOSERVICIO, FECHA, COSTO, IDUSUARIOCONDUCTOR, IDUSUARIO) VALUES (14, 8.9, 1, 'TRANSPORTE', TO_DATE('2024-01-22', 'YYYY-MM-DD'), 14000, 214, 14);
INSERT INTO SERVICIO (IDSERVICIO, DISTANCIAKM, IDTARIFA, TIPOSERVICIO, FECHA, COSTO, IDUSUARIOCONDUCTOR, IDUSUARIO) VALUES (15, 23.6, 2, 'MERCANCIA', TO_DATE('2024-01-23', 'YYYY-MM-DD'), 38000, 215, 15);

INSERT INTO PUNTO (IDPUNTO, IDCUIDAD, DIRECCION, LONGITUD, LATITUD, ORDEN, IDSERVICIO, IDCIUDAD) VALUES (1, 1, 'Carrera 7 # 32-16', -74.067, 4.624, 1, 1, 1);
INSERT INTO PUNTO (IDPUNTO, IDCUIDAD, DIRECCION, LONGITUD, LATITUD, ORDEN, IDSERVICIO, IDCIUDAD) VALUES (2, 1, 'Calle 26 # 68-80', -74.084, 4.639, 2, 1, 1);
INSERT INTO PUNTO (IDPUNTO, IDCUIDAD, DIRECCION, LONGITUD, LATITUD, ORDEN, IDSERVICIO, IDCIUDAD) VALUES (3, 2, 'Carrera 70 # 44-51', -75.568, 6.244, 1, 2, 2);
INSERT INTO PUNTO (IDPUNTO, IDCUIDAD, DIRECCION, LONGITUD, LATITUD, ORDEN, IDSERVICIO, IDCIUDAD) VALUES (4, 2, 'Calle 10 # 42-35', -75.571, 6.248, 2, 2, 2);

INSERT INTO VIAJE (IDVIAJE, HORAINICIO, HORAFIN, COSTO, IDSERVICIO) VALUES (1, '08:30', '09:15', 25000, 1);
INSERT INTO VIAJE (IDVIAJE, HORAINICIO, HORAFIN, COSTO, IDSERVICIO) VALUES (2, '14:20', '14:50', 15000, 2);
INSERT INTO VIAJE (IDVIAJE, HORAINICIO, HORAFIN, COSTO, IDSERVICIO) VALUES (3, '16:45', '17:30', 35000, 3);
INSERT INTO VIAJE (IDVIAJE, HORAINICIO, HORAFIN, COSTO, IDSERVICIO) VALUES (4, '10:15', '10:45', 20000, 4);
INSERT INTO VIAJE (IDVIAJE, HORAINICIO, HORAFIN, COSTO, IDSERVICIO) VALUES (5, '19:30', '20:15', 30000, 5);

INSERT INTO VIAJE (IDVIAJE, HORAINICIO, HORAFIN, COSTO, IDSERVICIO) VALUES (6, '06:00', '06:30', 18000, 6);
INSERT INTO VIAJE (IDVIAJE, HORAINICIO, HORAFIN, COSTO, IDSERVICIO) VALUES (7, '06:15', '07:00', 40000, 7);
INSERT INTO VIAJE (IDVIAJE, HORAINICIO, HORAFIN, COSTO, IDSERVICIO) VALUES (8, '06:30', '07:15', 22000, 8);
INSERT INTO VIAJE (IDVIAJE, HORAINICIO, HORAFIN, COSTO, IDSERVICIO) VALUES (9, '06:45', '07:20', 12000, 9);
INSERT INTO VIAJE (IDVIAJE, HORAINICIO, HORAFIN, COSTO, IDSERVICIO) VALUES (10, '07:00', '08:15', 50000, 10);
INSERT INTO VIAJE (IDVIAJE, HORAINICIO, HORAFIN, COSTO, IDSERVICIO) VALUES (11, '07:15', '08:00', 26000, 11);
INSERT INTO VIAJE (IDVIAJE, HORAINICIO, HORAFIN, COSTO, IDSERVICIO) VALUES (12, '07:30', '08:15', 21000, 12);
INSERT INTO VIAJE (IDVIAJE, HORAINICIO, HORAFIN, COSTO, IDSERVICIO) VALUES (13, '07:45', '08:30', 31000, 13);
INSERT INTO VIAJE (IDVIAJE, HORAINICIO, HORAFIN, COSTO, IDSERVICIO) VALUES (14, '08:00', '08:30', 14000, 14);
INSERT INTO VIAJE (IDVIAJE, HORAINICIO, HORAFIN, COSTO, IDSERVICIO) VALUES (15, '08:15', '09:00', 38000, 15);
INSERT INTO VIAJE (IDVIAJE, HORAINICIO, HORAFIN, COSTO, IDSERVICIO) VALUES (16, '08:30', '09:15', 19000, 1);
INSERT INTO VIAJE (IDVIAJE, HORAINICIO, HORAFIN, COSTO, IDSERVICIO) VALUES (17, '08:45', '09:30', 24000, 2);
INSERT INTO VIAJE (IDVIAJE, HORAINICIO, HORAFIN, COSTO, IDSERVICIO) VALUES (18, '09:00', '09:45', 28000, 3);
INSERT INTO VIAJE (IDVIAJE, HORAINICIO, HORAFIN, COSTO, IDSERVICIO) VALUES (19, '09:15', '10:00', 16000, 4);
INSERT INTO VIAJE (IDVIAJE, HORAINICIO, HORAFIN, COSTO, IDSERVICIO) VALUES (20, '09:30', '10:15', 33000, 5);

INSERT INTO VIAJE (IDVIAJE, HORAINICIO, HORAFIN, COSTO, IDSERVICIO) VALUES (21, '09:45', '10:30', 20000, 6);
INSERT INTO VIAJE (IDVIAJE, HORAINICIO, HORAFIN, COSTO, IDSERVICIO) VALUES (22, '10:00', '10:45', 27000, 7);
INSERT INTO VIAJE (IDVIAJE, HORAINICIO, HORAFIN, COSTO, IDSERVICIO) VALUES (23, '10:15', '11:00', 22000, 8);
INSERT INTO VIAJE (IDVIAJE, HORAINICIO, HORAFIN, COSTO, IDSERVICIO) VALUES (24, '10:30', '11:15', 15000, 9);
INSERT INTO VIAJE (IDVIAJE, HORAINICIO, HORAFIN, COSTO, IDSERVICIO) VALUES (25, '10:45', '11:30', 35000, 10);
INSERT INTO VIAJE (IDVIAJE, HORAINICIO, HORAFIN, COSTO, IDSERVICIO) VALUES (26, '11:00', '11:45', 18000, 11);
INSERT INTO VIAJE (IDVIAJE, HORAINICIO, HORAFIN, COSTO, IDSERVICIO) VALUES (27, '11:15', '12:00', 29000, 12);
INSERT INTO VIAJE (IDVIAJE, HORAINICIO, HORAFIN, COSTO, IDSERVICIO) VALUES (28, '11:30', '12:15', 23000, 13);
INSERT INTO VIAJE (IDVIAJE, HORAINICIO, HORAFIN, COSTO, IDSERVICIO) VALUES (29, '11:45', '12:30', 17000, 14);
INSERT INTO VIAJE (IDVIAJE, HORAINICIO, HORAFIN, COSTO, IDSERVICIO) VALUES (30, '12:00', '12:45', 31000, 15);

INSERT INTO VIAJE (IDVIAJE, HORAINICIO, HORAFIN, COSTO, IDSERVICIO) VALUES (31, '12:15', '13:00', 25000, 1);
INSERT INTO VIAJE (IDVIAJE, HORAINICIO, HORAFIN, COSTO, IDSERVICIO) VALUES (32, '12:30', '13:15', 19000, 2);
INSERT INTO VIAJE (IDVIAJE, HORAINICIO, HORAFIN, COSTO, IDSERVICIO) VALUES (33, '12:45', '13:30', 32000, 3);
INSERT INTO VIAJE (IDVIAJE, HORAINICIO, HORAFIN, COSTO, IDSERVICIO) VALUES (34, '13:00', '13:45', 21000, 4);
INSERT INTO VIAJE (IDVIAJE, HORAINICIO, HORAFIN, COSTO, IDSERVICIO) VALUES (35, '13:15', '14:00', 27000, 5);
INSERT INTO VIAJE (IDVIAJE, HORAINICIO, HORAFIN, COSTO, IDSERVICIO) VALUES (36, '13:30', '14:15', 24000, 6);
INSERT INTO VIAJE (IDVIAJE, HORAINICIO, HORAFIN, COSTO, IDSERVICIO) VALUES (37, '13:45', '14:30', 30000, 7);
INSERT INTO VIAJE (IDVIAJE, HORAINICIO, HORAFIN, COSTO, IDSERVICIO) VALUES (38, '14:00', '14:45', 18000, 8);
INSERT INTO VIAJE (IDVIAJE, HORAINICIO, HORAFIN, COSTO, IDSERVICIO) VALUES (39, '14:15', '15:00', 26000, 9);
INSERT INTO VIAJE (IDVIAJE, HORAINICIO, HORAFIN, COSTO, IDSERVICIO) VALUES (40, '14:30', '15:15', 34000, 10);


INSERT INTO VIAJE (IDVIAJE, HORAINICIO, HORAFIN, COSTO, IDSERVICIO) VALUES (41, '15:00', '15:45', 22000, 11);
INSERT INTO VIAJE (IDVIAJE, HORAINICIO, HORAFIN, COSTO, IDSERVICIO) VALUES (42, '15:15', '16:00', 28000, 12);
INSERT INTO VIAJE (IDVIAJE, HORAINICIO, HORAFIN, COSTO, IDSERVICIO) VALUES (43, '15:30', '16:15', 20000, 13);
INSERT INTO VIAJE (IDVIAJE, HORAINICIO, HORAFIN, COSTO, IDSERVICIO) VALUES (44, '15:45', '16:30', 25000, 14);
INSERT INTO VIAJE (IDVIAJE, HORAINICIO, HORAFIN, COSTO, IDSERVICIO) VALUES (45, '16:00', '16:45', 33000, 15);
INSERT INTO VIAJE (IDVIAJE, HORAINICIO, HORAFIN, COSTO, IDSERVICIO) VALUES (46, '16:15', '17:00', 19000, 1);
INSERT INTO VIAJE (IDVIAJE, HORAINICIO, HORAFIN, COSTO, IDSERVICIO) VALUES (47, '16:30', '17:15', 29000, 2);
INSERT INTO VIAJE (IDVIAJE, HORAINICIO, HORAFIN, COSTO, IDSERVICIO) VALUES (48, '16:45', '17:30', 23000, 3);
INSERT INTO VIAJE (IDVIAJE, HORAINICIO, HORAFIN, COSTO, IDSERVICIO) VALUES (49, '17:00', '17:45', 27000, 4);
INSERT INTO VIAJE (IDVIAJE, HORAINICIO, HORAFIN, COSTO, IDSERVICIO) VALUES (50, '17:15', '18:00', 31000, 5);


INSERT INTO VIAJE (IDVIAJE, HORAINICIO, HORAFIN, COSTO, IDSERVICIO) VALUES (51, '18:00', '18:45', 26000, 6);
INSERT INTO VIAJE (IDVIAJE, HORAINICIO, HORAFIN, COSTO, IDSERVICIO) VALUES (52, '18:15', '19:00', 32000, 7);
INSERT INTO VIAJE (IDVIAJE, HORAINICIO, HORAFIN, COSTO, IDSERVICIO) VALUES (53, '18:30', '19:15', 21000, 8);
INSERT INTO VIAJE (IDVIAJE, HORAINICIO, HORAFIN, COSTO, IDSERVICIO) VALUES (54, '18:45', '19:30', 28000, 9);
INSERT INTO VIAJE (IDVIAJE, HORAINICIO, HORAFIN, COSTO, IDSERVICIO) VALUES (55, '19:00', '19:45', 35000, 10);

INSERT INTO VIAJE (IDVIAJE, HORAINICIO, HORAFIN, COSTO, IDSERVICIO) VALUES (56, '19:15', '20:00', 24000, 11);
INSERT INTO VIAJE (IDVIAJE, HORAINICIO, HORAFIN, COSTO, IDSERVICIO) VALUES (57, '19:30', '20:15', 30000, 12);
INSERT INTO VIAJE (IDVIAJE, HORAINICIO, HORAFIN, COSTO, IDSERVICIO) VALUES (58, '19:45', '20:30', 18000, 13);
INSERT INTO VIAJE (IDVIAJE, HORAINICIO, HORAFIN, COSTO, IDSERVICIO) VALUES (59, '20:00', '20:45', 27000, 14);
INSERT INTO VIAJE (IDVIAJE, HORAINICIO, HORAFIN, COSTO, IDSERVICIO) VALUES (60, '20:15', '21:00', 36000, 15);
INSERT INTO VIAJE (IDVIAJE, HORAINICIO, HORAFIN, COSTO, IDSERVICIO) VALUES (61, '20:30', '21:15', 25000, 1);
INSERT INTO VIAJE (IDVIAJE, HORAINICIO, HORAFIN, COSTO, IDSERVICIO) VALUES (62, '20:45', '21:30', 19000, 2);
INSERT INTO VIAJE (IDVIAJE, HORAINICIO, HORAFIN, COSTO, IDSERVICIO) VALUES (63, '21:00', '21:45', 33000, 3);
INSERT INTO VIAJE (IDVIAJE, HORAINICIO, HORAFIN, COSTO, IDSERVICIO) VALUES (64, '21:15', '22:00', 22000, 4);
INSERT INTO VIAJE (IDVIAJE, HORAINICIO, HORAFIN, COSTO, IDSERVICIO) VALUES (65, '21:30', '22:15', 28000, 5);
INSERT INTO VIAJE (IDVIAJE, HORAINICIO, HORAFIN, COSTO, IDSERVICIO) VALUES (66, '21:45', '22:30', 21000, 6);
INSERT INTO VIAJE (IDVIAJE, HORAINICIO, HORAFIN, COSTO, IDSERVICIO) VALUES (67, '22:00', '22:45', 32000, 7);
INSERT INTO VIAJE (IDVIAJE, HORAINICIO, HORAFIN, COSTO, IDSERVICIO) VALUES (68, '22:15', '23:00', 26000, 8);
INSERT INTO VIAJE (IDVIAJE, HORAINICIO, HORAFIN, COSTO, IDSERVICIO) VALUES (69, '22:30', '23:15', 20000, 9);
INSERT INTO VIAJE (IDVIAJE, HORAINICIO, HORAFIN, COSTO, IDSERVICIO) VALUES (70, '22:45', '23:30', 34000, 10);
INSERT INTO VIAJE (IDVIAJE, HORAINICIO, HORAFIN, COSTO, IDSERVICIO) VALUES (71, '06:00', '06:45', 18000, 11);
INSERT INTO VIAJE (IDVIAJE, HORAINICIO, HORAFIN, COSTO, IDSERVICIO) VALUES (72, '06:15', '07:00', 25000, 12);
INSERT INTO VIAJE (IDVIAJE, HORAINICIO, HORAFIN, COSTO, IDSERVICIO) VALUES (73, '06:30', '07:15', 31000, 13);
INSERT INTO VIAJE (IDVIAJE, HORAINICIO, HORAFIN, COSTO, IDSERVICIO) VALUES (74, '06:45', '07:30', 17000, 14);
INSERT INTO VIAJE (IDVIAJE, HORAINICIO, HORAFIN, COSTO, IDSERVICIO) VALUES (75, '07:00', '07:45', 29000, 15);
INSERT INTO VIAJE (IDVIAJE, HORAINICIO, HORAFIN, COSTO, IDSERVICIO) VALUES (76, '07:15', '08:00', 23000, 1);
INSERT INTO VIAJE (IDVIAJE, HORAINICIO, HORAFIN, COSTO, IDSERVICIO) VALUES (77, '07:30', '08:15', 35000, 2);
INSERT INTO VIAJE (IDVIAJE, HORAINICIO, HORAFIN, COSTO, IDSERVICIO) VALUES (78, '07:45', '08:30', 16000, 3);
INSERT INTO VIAJE (IDVIAJE, HORAINICIO, HORAFIN, COSTO, IDSERVICIO) VALUES (79, '08:00', '08:45', 27000, 4);
INSERT INTO VIAJE (IDVIAJE, HORAINICIO, HORAFIN, COSTO, IDSERVICIO) VALUES (80, '08:15', '09:00', 33000, 5);
INSERT INTO VIAJE (IDVIAJE, HORAINICIO, HORAFIN, COSTO, IDSERVICIO) VALUES (81, '08:30', '09:15', 24000, 6);
INSERT INTO VIAJE (IDVIAJE, HORAINICIO, HORAFIN, COSTO, IDSERVICIO) VALUES (82, '08:45', '09:30', 19000, 7);
INSERT INTO VIAJE (IDVIAJE, HORAINICIO, HORAFIN, COSTO, IDSERVICIO) VALUES (83, '09:00', '09:45', 30000, 8);
INSERT INTO VIAJE (IDVIAJE, HORAINICIO, HORAFIN, COSTO, IDSERVICIO) VALUES (84, '09:15', '10:00', 26000, 9);
INSERT INTO VIAJE (IDVIAJE, HORAINICIO, HORAFIN, COSTO, IDSERVICIO) VALUES (85, '09:30', '10:15', 21000, 10);
INSERT INTO VIAJE (IDVIAJE, HORAINICIO, HORAFIN, COSTO, IDSERVICIO) VALUES (86, '09:45', '10:30', 32000, 11);
INSERT INTO VIAJE (IDVIAJE, HORAINICIO, HORAFIN, COSTO, IDSERVICIO) VALUES (87, '10:00', '10:45', 18000, 12);
INSERT INTO VIAJE (IDVIAJE, HORAINICIO, HORAFIN, COSTO, IDSERVICIO) VALUES (88, '10:15', '11:00', 28000, 13);
INSERT INTO VIAJE (IDVIAJE, HORAINICIO, HORAFIN, COSTO, IDSERVICIO) VALUES (89, '10:30', '11:15', 25000, 14);
INSERT INTO VIAJE (IDVIAJE, HORAINICIO, HORAFIN, COSTO, IDSERVICIO) VALUES (90, '10:45', '11:30', 34000, 15);
INSERT INTO VIAJE (IDVIAJE, HORAINICIO, HORAFIN, COSTO, IDSERVICIO) VALUES (91, '11:00', '11:45', 20000, 1);
INSERT INTO VIAJE (IDVIAJE, HORAINICIO, HORAFIN, COSTO, IDSERVICIO) VALUES (92, '11:15', '12:00', 29000, 2);
INSERT INTO VIAJE (IDVIAJE, HORAINICIO, HORAFIN, COSTO, IDSERVICIO) VALUES (93, '11:30', '12:15', 22000, 3);
INSERT INTO VIAJE (IDVIAJE, HORAINICIO, HORAFIN, COSTO, IDSERVICIO) VALUES (94, '11:45', '12:30', 31000, 4);
INSERT INTO VIAJE (IDVIAJE, HORAINICIO, HORAFIN, COSTO, IDSERVICIO) VALUES (95, '12:00', '12:45', 27000, 5);
INSERT INTO VIAJE (IDVIAJE, HORAINICIO, HORAFIN, COSTO, IDSERVICIO) VALUES (96, '12:15', '13:00', 17000, 6);
INSERT INTO VIAJE (IDVIAJE, HORAINICIO, HORAFIN, COSTO, IDSERVICIO) VALUES (97, '12:30', '13:15', 35000, 7);
INSERT INTO VIAJE (IDVIAJE, HORAINICIO, HORAFIN, COSTO, IDSERVICIO) VALUES (98, '12:45', '13:30', 23000, 8);
INSERT INTO VIAJE (IDVIAJE, HORAINICIO, HORAFIN, COSTO, IDSERVICIO) VALUES (99, '13:00', '13:45', 30000, 9);
INSERT INTO VIAJE (IDVIAJE, HORAINICIO, HORAFIN, COSTO, IDSERVICIO) VALUES (100, '13:15', '14:00', 26000, 10);

INSERT INTO VIAJE (IDVIAJE, HORAINICIO, HORAFIN, COSTO, IDSERVICIO) VALUES (101, '13:30', '14:15', 21000, 11);
INSERT INTO VIAJE (IDVIAJE, HORAINICIO, HORAFIN, COSTO, IDSERVICIO) VALUES (102, '13:45', '14:30', 32000, 12);
INSERT INTO VIAJE (IDVIAJE, HORAINICIO, HORAFIN, COSTO, IDSERVICIO) VALUES (103, '14:00', '14:45', 18000, 13);
INSERT INTO VIAJE (IDVIAJE, HORAINICIO, HORAFIN, COSTO, IDSERVICIO) VALUES (104, '14:15', '15:00', 28000, 14);
INSERT INTO VIAJE (IDVIAJE, HORAINICIO, HORAFIN, COSTO, IDSERVICIO) VALUES (105, '14:30', '15:15', 25000, 15);
INSERT INTO VIAJE (IDVIAJE, HORAINICIO, HORAFIN, COSTO, IDSERVICIO) VALUES (106, '14:45', '15:30', 34000, 1);
INSERT INTO VIAJE (IDVIAJE, HORAINICIO, HORAFIN, COSTO, IDSERVICIO) VALUES (107, '15:00', '15:45', 20000, 2);
INSERT INTO VIAJE (IDVIAJE, HORAINICIO, HORAFIN, COSTO, IDSERVICIO) VALUES (108, '15:15', '16:00', 29000, 3);
INSERT INTO VIAJE (IDVIAJE, HORAINICIO, HORAFIN, COSTO, IDSERVICIO) VALUES (109, '15:30', '16:15', 22000, 4);
INSERT INTO VIAJE (IDVIAJE, HORAINICIO, HORAFIN, COSTO, IDSERVICIO) VALUES (110, '15:45', '16:30', 31000, 5);
INSERT INTO VIAJE (IDVIAJE, HORAINICIO, HORAFIN, COSTO, IDSERVICIO) VALUES (111, '16:00', '16:45', 27000, 6);
INSERT INTO VIAJE (IDVIAJE, HORAINICIO, HORAFIN, COSTO, IDSERVICIO) VALUES (112, '16:15', '17:00', 17000, 7);
INSERT INTO VIAJE (IDVIAJE, HORAINICIO, HORAFIN, COSTO, IDSERVICIO) VALUES (113, '16:30', '17:15', 35000, 8);
INSERT INTO VIAJE (IDVIAJE, HORAINICIO, HORAFIN, COSTO, IDSERVICIO) VALUES (114, '16:45', '17:30', 23000, 9);
INSERT INTO VIAJE (IDVIAJE, HORAINICIO, HORAFIN, COSTO, IDSERVICIO) VALUES (115, '17:00', '17:45', 30000, 10);
INSERT INTO VIAJE (IDVIAJE, HORAINICIO, HORAFIN, COSTO, IDSERVICIO) VALUES (116, '17:15', '18:00', 26000, 11);
INSERT INTO VIAJE (IDVIAJE, HORAINICIO, HORAFIN, COSTO, IDSERVICIO) VALUES (117, '17:30', '18:15', 21000, 12);
INSERT INTO VIAJE (IDVIAJE, HORAINICIO, HORAFIN, COSTO, IDSERVICIO) VALUES (118, '17:45', '18:30', 32000, 13);
INSERT INTO VIAJE (IDVIAJE, HORAINICIO, HORAFIN, COSTO, IDSERVICIO) VALUES (119, '18:00', '18:45', 18000, 14);
INSERT INTO VIAJE (IDVIAJE, HORAINICIO, HORAFIN, COSTO, IDSERVICIO) VALUES (120, '18:15', '19:00', 28000, 15);
INSERT INTO VIAJE (IDVIAJE, HORAINICIO, HORAFIN, COSTO, IDSERVICIO) VALUES (121, '18:30', '19:15', 25000, 1);
INSERT INTO VIAJE (IDVIAJE, HORAINICIO, HORAFIN, COSTO, IDSERVICIO) VALUES (122, '18:45', '19:30', 34000, 2);
INSERT INTO VIAJE (IDVIAJE, HORAINICIO, HORAFIN, COSTO, IDSERVICIO) VALUES (123, '19:00', '19:45', 20000, 3);
INSERT INTO VIAJE (IDVIAJE, HORAINICIO, HORAFIN, COSTO, IDSERVICIO) VALUES (124, '19:15', '20:00', 29000, 4);
INSERT INTO VIAJE (IDVIAJE, HORAINICIO, HORAFIN, COSTO, IDSERVICIO) VALUES (125, '19:30', '20:15', 22000, 5);
INSERT INTO VIAJE (IDVIAJE, HORAINICIO, HORAFIN, COSTO, IDSERVICIO) VALUES (126, '19:45', '20:30', 31000, 6);
INSERT INTO VIAJE (IDVIAJE, HORAINICIO, HORAFIN, COSTO, IDSERVICIO) VALUES (127, '20:00', '20:45', 27000, 7);
INSERT INTO VIAJE (IDVIAJE, HORAINICIO, HORAFIN, COSTO, IDSERVICIO) VALUES (128, '20:15', '21:00', 17000, 8);
INSERT INTO VIAJE (IDVIAJE, HORAINICIO, HORAFIN, COSTO, IDSERVICIO) VALUES (129, '20:30', '21:15', 35000, 9);
INSERT INTO VIAJE (IDVIAJE, HORAINICIO, HORAFIN, COSTO, IDSERVICIO) VALUES (130, '20:45', '21:30', 23000, 10);
INSERT INTO VIAJE (IDVIAJE, HORAINICIO, HORAFIN, COSTO, IDSERVICIO) VALUES (131, '21:00', '21:45', 30000, 11);
INSERT INTO VIAJE (IDVIAJE, HORAINICIO, HORAFIN, COSTO, IDSERVICIO) VALUES (132, '21:15', '22:00', 26000, 12);
INSERT INTO VIAJE (IDVIAJE, HORAINICIO, HORAFIN, COSTO, IDSERVICIO) VALUES (133, '21:30', '22:15', 21000, 13);
INSERT INTO VIAJE (IDVIAJE, HORAINICIO, HORAFIN, COSTO, IDSERVICIO) VALUES (134, '21:45', '22:30', 32000, 14);
INSERT INTO VIAJE (IDVIAJE, HORAINICIO, HORAFIN, COSTO, IDSERVICIO) VALUES (135, '22:00', '22:45', 18000, 15);
INSERT INTO VIAJE (IDVIAJE, HORAINICIO, HORAFIN, COSTO, IDSERVICIO) VALUES (136, '22:15', '23:00', 28000, 1);
INSERT INTO VIAJE (IDVIAJE, HORAINICIO, HORAFIN, COSTO, IDSERVICIO) VALUES (137, '22:30', '23:15', 25000, 2);
INSERT INTO VIAJE (IDVIAJE, HORAINICIO, HORAFIN, COSTO, IDSERVICIO) VALUES (138, '22:45', '23:30', 34000, 3);
INSERT INTO VIAJE (IDVIAJE, HORAINICIO, HORAFIN, COSTO, IDSERVICIO) VALUES (139, '06:00', '06:45', 20000, 4);
INSERT INTO VIAJE (IDVIAJE, HORAINICIO, HORAFIN, COSTO, IDSERVICIO) VALUES (140, '06:15', '07:00', 29000, 5);
INSERT INTO VIAJE (IDVIAJE, HORAINICIO, HORAFIN, COSTO, IDSERVICIO) VALUES (141, '06:30', '07:15', 22000, 6);
INSERT INTO VIAJE (IDVIAJE, HORAINICIO, HORAFIN, COSTO, IDSERVICIO) VALUES (142, '06:45', '07:30', 31000, 7);
INSERT INTO VIAJE (IDVIAJE, HORAINICIO, HORAFIN, COSTO, IDSERVICIO) VALUES (143, '07:00', '07:45', 27000, 8);
INSERT INTO VIAJE (IDVIAJE, HORAINICIO, HORAFIN, COSTO, IDSERVICIO) VALUES (144, '07:15', '08:00', 17000, 9);
INSERT INTO VIAJE (IDVIAJE, HORAINICIO, HORAFIN, COSTO, IDSERVICIO) VALUES (145, '07:30', '08:15', 35000, 10);
INSERT INTO VIAJE (IDVIAJE, HORAINICIO, HORAFIN, COSTO, IDSERVICIO) VALUES (146, '07:45', '08:30', 23000, 11);
INSERT INTO VIAJE (IDVIAJE, HORAINICIO, HORAFIN, COSTO, IDSERVICIO) VALUES (147, '08:00', '08:45', 30000, 12);
INSERT INTO VIAJE (IDVIAJE, HORAINICIO, HORAFIN, COSTO, IDSERVICIO) VALUES (148, '08:15', '09:00', 26000, 13);
INSERT INTO VIAJE (IDVIAJE, HORAINICIO, HORAFIN, COSTO, IDSERVICIO) VALUES (149, '08:30', '09:15', 21000, 14);
INSERT INTO VIAJE (IDVIAJE, HORAINICIO, HORAFIN, COSTO, IDSERVICIO) VALUES (150, '08:45', '09:30', 32000, 15);
INSERT INTO VIAJE (IDVIAJE, HORAINICIO, HORAFIN, COSTO, IDSERVICIO) VALUES (151, '09:00', '09:45', 18000, 1);
INSERT INTO VIAJE (IDVIAJE, HORAINICIO, HORAFIN, COSTO, IDSERVICIO) VALUES (152, '09:15', '10:00', 28000, 2);
INSERT INTO VIAJE (IDVIAJE, HORAINICIO, HORAFIN, COSTO, IDSERVICIO) VALUES (153, '09:30', '10:15', 25000, 3);
INSERT INTO VIAJE (IDVIAJE, HORAINICIO, HORAFIN, COSTO, IDSERVICIO) VALUES (154, '09:45', '10:30', 34000, 4);
INSERT INTO VIAJE (IDVIAJE, HORAINICIO, HORAFIN, COSTO, IDSERVICIO) VALUES (155, '10:00', '10:45', 20000, 5);
INSERT INTO VIAJE (IDVIAJE, HORAINICIO, HORAFIN, COSTO, IDSERVICIO) VALUES (156, '10:15', '11:00', 29000, 6);
INSERT INTO VIAJE (IDVIAJE, HORAINICIO, HORAFIN, COSTO, IDSERVICIO) VALUES (157, '10:30', '11:15', 22000, 7);
INSERT INTO VIAJE (IDVIAJE, HORAINICIO, HORAFIN, COSTO, IDSERVICIO) VALUES (158, '10:45', '11:30', 31000, 8);
INSERT INTO VIAJE (IDVIAJE, HORAINICIO, HORAFIN, COSTO, IDSERVICIO) VALUES (159, '11:00', '11:45', 27000, 9);
INSERT INTO VIAJE (IDVIAJE, HORAINICIO, HORAFIN, COSTO, IDSERVICIO) VALUES (160, '11:15', '12:00', 17000, 10);
INSERT INTO VIAJE (IDVIAJE, HORAINICIO, HORAFIN, COSTO, IDSERVICIO) VALUES (161, '11:30', '12:15', 35000, 11);
INSERT INTO VIAJE (IDVIAJE, HORAINICIO, HORAFIN, COSTO, IDSERVICIO) VALUES (162, '11:45', '12:30', 23000, 12);
INSERT INTO VIAJE (IDVIAJE, HORAINICIO, HORAFIN, COSTO, IDSERVICIO) VALUES (163, '12:00', '12:45', 30000, 13);
INSERT INTO VIAJE (IDVIAJE, HORAINICIO, HORAFIN, COSTO, IDSERVICIO) VALUES (164, '12:15', '13:00', 26000, 14);
INSERT INTO VIAJE (IDVIAJE, HORAINICIO, HORAFIN, COSTO, IDSERVICIO) VALUES (165, '12:30', '13:15', 21000, 15);
INSERT INTO VIAJE (IDVIAJE, HORAINICIO, HORAFIN, COSTO, IDSERVICIO) VALUES (166, '12:45', '13:30', 32000, 1);
INSERT INTO VIAJE (IDVIAJE, HORAINICIO, HORAFIN, COSTO, IDSERVICIO) VALUES (167, '13:00', '13:45', 18000, 2);
INSERT INTO VIAJE (IDVIAJE, HORAINICIO, HORAFIN, COSTO, IDSERVICIO) VALUES (168, '13:15', '14:00', 28000, 3);
INSERT INTO VIAJE (IDVIAJE, HORAINICIO, HORAFIN, COSTO, IDSERVICIO) VALUES (169, '13:30', '14:15', 25000, 4);
INSERT INTO VIAJE (IDVIAJE, HORAINICIO, HORAFIN, COSTO, IDSERVICIO) VALUES (170, '13:45', '14:30', 34000, 5);
INSERT INTO VIAJE (IDVIAJE, HORAINICIO, HORAFIN, COSTO, IDSERVICIO) VALUES (171, '14:00', '14:45', 20000, 6);
INSERT INTO VIAJE (IDVIAJE, HORAINICIO, HORAFIN, COSTO, IDSERVICIO) VALUES (172, '14:15', '15:00', 29000, 7);
INSERT INTO VIAJE (IDVIAJE, HORAINICIO, HORAFIN, COSTO, IDSERVICIO) VALUES (173, '14:30', '15:15', 22000, 8);
INSERT INTO VIAJE (IDVIAJE, HORAINICIO, HORAFIN, COSTO, IDSERVICIO) VALUES (174, '14:45', '15:30', 31000, 9);
INSERT INTO VIAJE (IDVIAJE, HORAINICIO, HORAFIN, COSTO, IDSERVICIO) VALUES (175, '15:00', '15:45', 27000, 10);
INSERT INTO VIAJE (IDVIAJE, HORAINICIO, HORAFIN, COSTO, IDSERVICIO) VALUES (176, '15:15', '16:00', 17000, 11);
INSERT INTO VIAJE (IDVIAJE, HORAINICIO, HORAFIN, COSTO, IDSERVICIO) VALUES (177, '15:30', '16:15', 35000, 12);
INSERT INTO VIAJE (IDVIAJE, HORAINICIO, HORAFIN, COSTO, IDSERVICIO) VALUES (178, '15:45', '16:30', 23000, 13);
INSERT INTO VIAJE (IDVIAJE, HORAINICIO, HORAFIN, COSTO, IDSERVICIO) VALUES (179, '16:00', '16:45', 30000, 14);
INSERT INTO VIAJE (IDVIAJE, HORAINICIO, HORAFIN, COSTO, IDSERVICIO) VALUES (180, '16:15', '17:00', 26000, 15);
INSERT INTO VIAJE (IDVIAJE, HORAINICIO, HORAFIN, COSTO, IDSERVICIO) VALUES (181, '16:30', '17:15', 21000, 1);
INSERT INTO VIAJE (IDVIAJE, HORAINICIO, HORAFIN, COSTO, IDSERVICIO) VALUES (182, '16:45', '17:30', 32000, 2);
INSERT INTO VIAJE (IDVIAJE, HORAINICIO, HORAFIN, COSTO, IDSERVICIO) VALUES (183, '17:00', '17:45', 18000, 3);
INSERT INTO VIAJE (IDVIAJE, HORAINICIO, HORAFIN, COSTO, IDSERVICIO) VALUES (184, '17:15', '18:00', 28000, 4);
INSERT INTO VIAJE (IDVIAJE, HORAINICIO, HORAFIN, COSTO, IDSERVICIO) VALUES (185, '17:30', '18:15', 25000, 5);
INSERT INTO VIAJE (IDVIAJE, HORAINICIO, HORAFIN, COSTO, IDSERVICIO) VALUES (186, '17:45', '18:30', 34000, 6);
INSERT INTO VIAJE (IDVIAJE, HORAINICIO, HORAFIN, COSTO, IDSERVICIO) VALUES (187, '18:00', '18:45', 20000, 7);
INSERT INTO VIAJE (IDVIAJE, HORAINICIO, HORAFIN, COSTO, IDSERVICIO) VALUES (188, '18:15', '19:00', 29000, 8);
INSERT INTO VIAJE (IDVIAJE, HORAINICIO, HORAFIN, COSTO, IDSERVICIO) VALUES (189, '18:30', '19:15', 22000, 9);
INSERT INTO VIAJE (IDVIAJE, HORAINICIO, HORAFIN, COSTO, IDSERVICIO) VALUES (190, '18:45', '19:30', 31000, 10);
INSERT INTO VIAJE (IDVIAJE, HORAINICIO, HORAFIN, COSTO, IDSERVICIO) VALUES (191, '19:00', '19:45', 27000, 11);
INSERT INTO VIAJE (IDVIAJE, HORAINICIO, HORAFIN, COSTO, IDSERVICIO) VALUES (192, '19:15', '20:00', 17000, 12);
INSERT INTO VIAJE (IDVIAJE, HORAINICIO, HORAFIN, COSTO, IDSERVICIO) VALUES (193, '19:30', '20:15', 35000, 13);
INSERT INTO VIAJE (IDVIAJE, HORAINICIO, HORAFIN, COSTO, IDSERVICIO) VALUES (194, '19:45', '20:30', 23000, 14);
INSERT INTO VIAJE (IDVIAJE, HORAINICIO, HORAFIN, COSTO, IDSERVICIO) VALUES (195, '20:00', '20:45', 30000, 15);
INSERT INTO VIAJE (IDVIAJE, HORAINICIO, HORAFIN, COSTO, IDSERVICIO) VALUES (196, '20:15', '21:00', 26000, 1);
INSERT INTO VIAJE (IDVIAJE, HORAINICIO, HORAFIN, COSTO, IDSERVICIO) VALUES (197, '20:30', '21:15', 21000, 2);
INSERT INTO VIAJE (IDVIAJE, HORAINICIO, HORAFIN, COSTO, IDSERVICIO) VALUES (198, '20:45', '21:30', 32000, 3);
INSERT INTO VIAJE (IDVIAJE, HORAINICIO, HORAFIN, COSTO, IDSERVICIO) VALUES (199, '21:00', '21:45', 18000, 4);
INSERT INTO VIAJE (IDVIAJE, HORAINICIO, HORAFIN, COSTO, IDSERVICIO) VALUES (200, '21:15', '22:00', 28000, 5);

INSERT INTO VIAJE (IDVIAJE, HORAINICIO, HORAFIN, COSTO, IDSERVICIO) VALUES (201, '06:00', '06:45', 15000, 6);
INSERT INTO VIAJE (IDVIAJE, HORAINICIO, HORAFIN, COSTO, IDSERVICIO) VALUES (202, '06:20', '07:05', 18000, 7);
INSERT INTO VIAJE (IDVIAJE, HORAINICIO, HORAFIN, COSTO, IDSERVICIO) VALUES (203, '06:40', '07:25', 22000, 8);
INSERT INTO VIAJE (IDVIAJE, HORAINICIO, HORAFIN, COSTO, IDSERVICIO) VALUES (204, '07:00', '07:45', 25000, 9);
INSERT INTO VIAJE (IDVIAJE, HORAINICIO, HORAFIN, COSTO, IDSERVICIO) VALUES (205, '07:20', '08:05', 19000, 10);
INSERT INTO VIAJE (IDVIAJE, HORAINICIO, HORAFIN, COSTO, IDSERVICIO) VALUES (206, '07:40', '08:25', 28000, 11);
INSERT INTO VIAJE (IDVIAJE, HORAINICIO, HORAFIN, COSTO, IDSERVICIO) VALUES (207, '08:00', '08:45', 16000, 12);
INSERT INTO VIAJE (IDVIAJE, HORAINICIO, HORAFIN, COSTO, IDSERVICIO) VALUES (208, '08:20', '09:05', 31000, 13);
INSERT INTO VIAJE (IDVIAJE, HORAINICIO, HORAFIN, COSTO, IDSERVICIO) VALUES (209, '08:40', '09:25', 24000, 14);
INSERT INTO VIAJE (IDVIAJE, HORAINICIO, HORAFIN, COSTO, IDSERVICIO) VALUES (210, '09:00', '09:45', 20000, 15);


INSERT INTO VIAJE (IDVIAJE, HORAINICIO, HORAFIN, COSTO, IDSERVICIO) VALUES (211, '09:20', '10:05', 17000, 1);
INSERT INTO VIAJE (IDVIAJE, HORAINICIO, HORAFIN, COSTO, IDSERVICIO) VALUES (212, '09:40', '10:25', 29000, 2);
INSERT INTO VIAJE (IDVIAJE, HORAINICIO, HORAFIN, COSTO, IDSERVICIO) VALUES (213, '10:00', '10:45', 23000, 3);
INSERT INTO VIAJE (IDVIAJE, HORAINICIO, HORAFIN, COSTO, IDSERVICIO) VALUES (214, '10:20', '11:05', 35000, 4);
INSERT INTO VIAJE (IDVIAJE, HORAINICIO, HORAFIN, COSTO, IDSERVICIO) VALUES (215, '10:40', '11:25', 21000, 5);
INSERT INTO VIAJE (IDVIAJE, HORAINICIO, HORAFIN, COSTO, IDSERVICIO) VALUES (216, '11:00', '11:45', 26000, 6);
INSERT INTO VIAJE (IDVIAJE, HORAINICIO, HORAFIN, COSTO, IDSERVICIO) VALUES (217, '11:20', '12:05', 18000, 7);
INSERT INTO VIAJE (IDVIAJE, HORAINICIO, HORAFIN, COSTO, IDSERVICIO) VALUES (218, '11:40', '12:25', 32000, 8);
INSERT INTO VIAJE (IDVIAJE, HORAINICIO, HORAFIN, COSTO, IDSERVICIO) VALUES (219, '12:00', '12:45', 27000, 9);
INSERT INTO VIAJE (IDVIAJE, HORAINICIO, HORAFIN, COSTO, IDSERVICIO) VALUES (220, '12:20', '13:05', 15000, 10);


INSERT INTO VIAJE (IDVIAJE, HORAINICIO, HORAFIN, COSTO, IDSERVICIO) VALUES (221, '12:40', '13:25', 30000, 11);
INSERT INTO VIAJE (IDVIAJE, HORAINICIO, HORAFIN, COSTO, IDSERVICIO) VALUES (222, '13:00', '13:45', 24000, 12);
INSERT INTO VIAJE (IDVIAJE, HORAINICIO, HORAFIN, COSTO, IDSERVICIO) VALUES (223, '13:20', '14:05', 19000, 13);
INSERT INTO VIAJE (IDVIAJE, HORAINICIO, HORAFIN, COSTO, IDSERVICIO) VALUES (224, '13:40', '14:25', 33000, 14);
INSERT INTO VIAJE (IDVIAJE, HORAINICIO, HORAFIN, COSTO, IDSERVICIO) VALUES (225, '14:00', '14:45', 28000, 15);

INSERT INTO VIAJE (IDVIAJE, HORAINICIO, HORAFIN, COSTO, IDSERVICIO) VALUES (226, '14:20', '15:05', 22000, 1);
INSERT INTO VIAJE (IDVIAJE, HORAINICIO, HORAFIN, COSTO, IDSERVICIO) VALUES (230, '15:00', '15:45', 26000, 5);
INSERT INTO VIAJE (IDVIAJE, HORAINICIO, HORAFIN, COSTO, IDSERVICIO) VALUES (235, '15:40', '16:25', 31000, 10);
INSERT INTO VIAJE (IDVIAJE, HORAINICIO, HORAFIN, COSTO, IDSERVICIO) VALUES (240, '16:20', '17:05', 17000, 15);
INSERT INTO VIAJE (IDVIAJE, HORAINICIO, HORAFIN, COSTO, IDSERVICIO) VALUES (245, '17:00', '17:45', 34000, 5);
INSERT INTO VIAJE (IDVIAJE, HORAINICIO, HORAFIN, COSTO, IDSERVICIO) VALUES (250, '17:40', '18:25', 29000, 10);


INSERT INTO VIAJE (IDVIAJE, HORAINICIO, HORAFIN, COSTO, IDSERVICIO) VALUES (300, '06:00', '06:45', 25000, 15);
INSERT INTO VIAJE (IDVIAJE, HORAINICIO, HORAFIN, COSTO, IDSERVICIO) VALUES (301, '06:15', '07:00', 18000, 1);
INSERT INTO VIAJE (IDVIAJE, HORAINICIO, HORAFIN, COSTO, IDSERVICIO) VALUES (302, '06:30', '07:15', 32000, 2);
INSERT INTO VIAJE (IDVIAJE, HORAINICIO, HORAFIN, COSTO, IDSERVICIO) VALUES (303, '06:45', '07:30', 21000, 3);
INSERT INTO VIAJE (IDVIAJE, HORAINICIO, HORAFIN, COSTO, IDSERVICIO) VALUES (304, '07:00', '07:45', 29000, 4);
INSERT INTO VIAJE (IDVIAJE, HORAINICIO, HORAFIN, COSTO, IDSERVICIO) VALUES (305, '07:15', '08:00', 26000, 5);
INSERT INTO VIAJE (IDVIAJE, HORAINICIO, HORAFIN, COSTO, IDSERVICIO) VALUES (306, '07:30', '08:15', 17000, 6);
INSERT INTO VIAJE (IDVIAJE, HORAINICIO, HORAFIN, COSTO, IDSERVICIO) VALUES (307, '07:45', '08:30', 34000, 7);
INSERT INTO VIAJE (IDVIAJE, HORAINICIO, HORAFIN, COSTO, IDSERVICIO) VALUES (308, '08:00', '08:45', 23000, 8);
INSERT INTO VIAJE (IDVIAJE, HORAINICIO, HORAFIN, COSTO, IDSERVICIO) VALUES (309, '08:15', '09:00', 31000, 9);
INSERT INTO VIAJE (IDVIAJE, HORAINICIO, HORAFIN, COSTO, IDSERVICIO) VALUES (310, '08:30', '09:15', 19000, 10);
INSERT INTO VIAJE (IDVIAJE, HORAINICIO, HORAFIN, COSTO, IDSERVICIO) VALUES (311, '08:45', '09:30', 27000, 11);
INSERT INTO VIAJE (IDVIAJE, HORAINICIO, HORAFIN, COSTO, IDSERVICIO) VALUES (312, '09:00', '09:45', 35000, 12);
INSERT INTO VIAJE (IDVIAJE, HORAINICIO, HORAFIN, COSTO, IDSERVICIO) VALUES (313, '09:15', '10:00', 22000, 13);
INSERT INTO VIAJE (IDVIAJE, HORAINICIO, HORAFIN, COSTO, IDSERVICIO) VALUES (314, '09:30', '10:15', 28000, 14);
INSERT INTO VIAJE (IDVIAJE, HORAINICIO, HORAFIN, COSTO, IDSERVICIO) VALUES (315, '09:45', '10:30', 24000, 15);
INSERT INTO VIAJE (IDVIAJE, HORAINICIO, HORAFIN, COSTO, IDSERVICIO) VALUES (316, '10:00', '10:45', 16000, 1);
INSERT INTO VIAJE (IDVIAJE, HORAINICIO, HORAFIN, COSTO, IDSERVICIO) VALUES (317, '10:15', '11:00', 33000, 2);
INSERT INTO VIAJE (IDVIAJE, HORAINICIO, HORAFIN, COSTO, IDSERVICIO) VALUES (318, '10:30', '11:15', 20000, 3);
INSERT INTO VIAJE (IDVIAJE, HORAINICIO, HORAFIN, COSTO, IDSERVICIO) VALUES (319, '10:45', '11:30', 30000, 4);
INSERT INTO VIAJE (IDVIAJE, HORAINICIO, HORAFIN, COSTO, IDSERVICIO) VALUES (320, '11:00', '11:45', 25000, 5);

INSERT INTO VIAJE (IDVIAJE, HORAINICIO, HORAFIN, COSTO, IDSERVICIO) VALUES (321, '11:15', '12:00', 18000, 6);
INSERT INTO VIAJE (IDVIAJE, HORAINICIO, HORAFIN, COSTO, IDSERVICIO) VALUES (322, '11:30', '12:15', 32000, 7);
INSERT INTO VIAJE (IDVIAJE, HORAINICIO, HORAFIN, COSTO, IDSERVICIO) VALUES (323, '11:45', '12:30', 21000, 8);
INSERT INTO VIAJE (IDVIAJE, HORAINICIO, HORAFIN, COSTO, IDSERVICIO) VALUES (324, '12:00', '12:45', 29000, 9);
INSERT INTO VIAJE (IDVIAJE, HORAINICIO, HORAFIN, COSTO, IDSERVICIO) VALUES (325, '12:15', '13:00', 26000, 10);
INSERT INTO VIAJE (IDVIAJE, HORAINICIO, HORAFIN, COSTO, IDSERVICIO) VALUES (326, '12:30', '13:15', 17000, 11);
INSERT INTO VIAJE (IDVIAJE, HORAINICIO, HORAFIN, COSTO, IDSERVICIO) VALUES (327, '12:45', '13:30', 34000, 12);
INSERT INTO VIAJE (IDVIAJE, HORAINICIO, HORAFIN, COSTO, IDSERVICIO) VALUES (328, '13:00', '13:45', 23000, 13);
INSERT INTO VIAJE (IDVIAJE, HORAINICIO, HORAFIN, COSTO, IDSERVICIO) VALUES (329, '13:15', '14:00', 31000, 14);
INSERT INTO VIAJE (IDVIAJE, HORAINICIO, HORAFIN, COSTO, IDSERVICIO) VALUES (330, '13:30', '14:15', 19000, 15);
INSERT INTO VIAJE (IDVIAJE, HORAINICIO, HORAFIN, COSTO, IDSERVICIO) VALUES (331, '13:45', '14:30', 27000, 1);
INSERT INTO VIAJE (IDVIAJE, HORAINICIO, HORAFIN, COSTO, IDSERVICIO) VALUES (332, '14:00', '14:45', 35000, 2);
INSERT INTO VIAJE (IDVIAJE, HORAINICIO, HORAFIN, COSTO, IDSERVICIO) VALUES (333, '14:15', '15:00', 22000, 3);
INSERT INTO VIAJE (IDVIAJE, HORAINICIO, HORAFIN, COSTO, IDSERVICIO) VALUES (334, '14:30', '15:15', 28000, 4);
INSERT INTO VIAJE (IDVIAJE, HORAINICIO, HORAFIN, COSTO, IDSERVICIO) VALUES (335, '14:45', '15:30', 24000, 5);
INSERT INTO VIAJE (IDVIAJE, HORAINICIO, HORAFIN, COSTO, IDSERVICIO) VALUES (336, '15:00', '15:45', 16000, 6);
INSERT INTO VIAJE (IDVIAJE, HORAINICIO, HORAFIN, COSTO, IDSERVICIO) VALUES (337, '15:15', '16:00', 33000, 7);
INSERT INTO VIAJE (IDVIAJE, HORAINICIO, HORAFIN, COSTO, IDSERVICIO) VALUES (338, '15:30', '16:15', 20000, 8);
INSERT INTO VIAJE (IDVIAJE, HORAINICIO, HORAFIN, COSTO, IDSERVICIO) VALUES (339, '15:45', '16:30', 30000, 9);
INSERT INTO VIAJE (IDVIAJE, HORAINICIO, HORAFIN, COSTO, IDSERVICIO) VALUES (340, '16:00', '16:45', 25000, 10);

INSERT INTO VIAJE (IDVIAJE, HORAINICIO, HORAFIN, COSTO, IDSERVICIO) VALUES (341, '16:15', '17:00', 18000, 11);
INSERT INTO VIAJE (IDVIAJE, HORAINICIO, HORAFIN, COSTO, IDSERVICIO) VALUES (342, '16:30', '17:15', 32000, 12);
INSERT INTO VIAJE (IDVIAJE, HORAINICIO, HORAFIN, COSTO, IDSERVICIO) VALUES (343, '16:45', '17:30', 21000, 13);
INSERT INTO VIAJE (IDVIAJE, HORAINICIO, HORAFIN, COSTO, IDSERVICIO) VALUES (344, '17:00', '17:45', 29000, 14);
INSERT INTO VIAJE (IDVIAJE, HORAINICIO, HORAFIN, COSTO, IDSERVICIO) VALUES (345, '17:15', '18:00', 26000, 15);
INSERT INTO VIAJE (IDVIAJE, HORAINICIO, HORAFIN, COSTO, IDSERVICIO) VALUES (346, '17:30', '18:15', 17000, 1);
INSERT INTO VIAJE (IDVIAJE, HORAINICIO, HORAFIN, COSTO, IDSERVICIO) VALUES (347, '17:45', '18:30', 34000, 2);
INSERT INTO VIAJE (IDVIAJE, HORAINICIO, HORAFIN, COSTO, IDSERVICIO) VALUES (348, '18:00', '18:45', 23000, 3);
INSERT INTO VIAJE (IDVIAJE, HORAINICIO, HORAFIN, COSTO, IDSERVICIO) VALUES (349, '18:15', '19:00', 31000, 4);
INSERT INTO VIAJE (IDVIAJE, HORAINICIO, HORAFIN, COSTO, IDSERVICIO) VALUES (350, '18:30', '19:15', 19000, 5);
INSERT INTO VIAJE (IDVIAJE, HORAINICIO, HORAFIN, COSTO, IDSERVICIO) VALUES (351, '18:45', '19:30', 27000, 6);
INSERT INTO VIAJE (IDVIAJE, HORAINICIO, HORAFIN, COSTO, IDSERVICIO) VALUES (352, '19:00', '19:45', 35000, 7);
INSERT INTO VIAJE (IDVIAJE, HORAINICIO, HORAFIN, COSTO, IDSERVICIO) VALUES (353, '19:15', '20:00', 22000, 8);
INSERT INTO VIAJE (IDVIAJE, HORAINICIO, HORAFIN, COSTO, IDSERVICIO) VALUES (354, '19:30', '20:15', 28000, 9);
INSERT INTO VIAJE (IDVIAJE, HORAINICIO, HORAFIN, COSTO, IDSERVICIO) VALUES (355, '19:45', '20:30', 24000, 10);
INSERT INTO VIAJE (IDVIAJE, HORAINICIO, HORAFIN, COSTO, IDSERVICIO) VALUES (356, '20:00', '20:45', 16000, 11);
INSERT INTO VIAJE (IDVIAJE, HORAINICIO, HORAFIN, COSTO, IDSERVICIO) VALUES (357, '20:15', '21:00', 33000, 12);
INSERT INTO VIAJE (IDVIAJE, HORAINICIO, HORAFIN, COSTO, IDSERVICIO) VALUES (358, '20:30', '21:15', 20000, 13);
INSERT INTO VIAJE (IDVIAJE, HORAINICIO, HORAFIN, COSTO, IDSERVICIO) VALUES (359, '20:45', '21:30', 30000, 14);
INSERT INTO VIAJE (IDVIAJE, HORAINICIO, HORAFIN, COSTO, IDSERVICIO) VALUES (360, '21:00', '21:45', 25000, 15);

INSERT INTO VIAJE (IDVIAJE, HORAINICIO, HORAFIN, COSTO, IDSERVICIO) VALUES (361, '21:15', '22:00', 18000, 1);
INSERT INTO VIAJE (IDVIAJE, HORAINICIO, HORAFIN, COSTO, IDSERVICIO) VALUES (362, '21:30', '22:15', 32000, 2);
INSERT INTO VIAJE (IDVIAJE, HORAINICIO, HORAFIN, COSTO, IDSERVICIO) VALUES (363, '21:45', '22:30', 21000, 3);
INSERT INTO VIAJE (IDVIAJE, HORAINICIO, HORAFIN, COSTO, IDSERVICIO) VALUES (364, '22:00', '22:45', 29000, 4);
INSERT INTO VIAJE (IDVIAJE, HORAINICIO, HORAFIN, COSTO, IDSERVICIO) VALUES (365, '22:15', '23:00', 26000, 5);
INSERT INTO VIAJE (IDVIAJE, HORAINICIO, HORAFIN, COSTO, IDSERVICIO) VALUES (366, '22:30', '23:15', 17000, 6);
INSERT INTO VIAJE (IDVIAJE, HORAINICIO, HORAFIN, COSTO, IDSERVICIO) VALUES (367, '22:45', '23:30', 34000, 7);
INSERT INTO VIAJE (IDVIAJE, HORAINICIO, HORAFIN, COSTO, IDSERVICIO) VALUES (368, '06:00', '06:45', 23000, 8);
INSERT INTO VIAJE (IDVIAJE, HORAINICIO, HORAFIN, COSTO, IDSERVICIO) VALUES (369, '06:15', '07:00', 31000, 9);
INSERT INTO VIAJE (IDVIAJE, HORAINICIO, HORAFIN, COSTO, IDSERVICIO) VALUES (370, '06:30', '07:15', 19000, 10);
INSERT INTO VIAJE (IDVIAJE, HORAINICIO, HORAFIN, COSTO, IDSERVICIO) VALUES (371, '06:45', '07:30', 27000, 11);
INSERT INTO VIAJE (IDVIAJE, HORAINICIO, HORAFIN, COSTO, IDSERVICIO) VALUES (372, '07:00', '07:45', 35000, 12);
INSERT INTO VIAJE (IDVIAJE, HORAINICIO, HORAFIN, COSTO, IDSERVICIO) VALUES (373, '07:15', '08:00', 22000, 13);
INSERT INTO VIAJE (IDVIAJE, HORAINICIO, HORAFIN, COSTO, IDSERVICIO) VALUES (374, '07:30', '08:15', 28000, 14);
INSERT INTO VIAJE (IDVIAJE, HORAINICIO, HORAFIN, COSTO, IDSERVICIO) VALUES (375, '07:45', '08:30', 24000, 15);
INSERT INTO VIAJE (IDVIAJE, HORAINICIO, HORAFIN, COSTO, IDSERVICIO) VALUES (376, '08:00', '08:45', 16000, 1);
INSERT INTO VIAJE (IDVIAJE, HORAINICIO, HORAFIN, COSTO, IDSERVICIO) VALUES (377, '08:15', '09:00', 33000, 2);
INSERT INTO VIAJE (IDVIAJE, HORAINICIO, HORAFIN, COSTO, IDSERVICIO) VALUES (378, '08:30', '09:15', 20000, 3);
INSERT INTO VIAJE (IDVIAJE, HORAINICIO, HORAFIN, COSTO, IDSERVICIO) VALUES (379, '08:45', '09:30', 30000, 4);
INSERT INTO VIAJE (IDVIAJE, HORAINICIO, HORAFIN, COSTO, IDSERVICIO) VALUES (380, '09:00', '09:45', 25000, 5);

INSERT INTO VIAJE (IDVIAJE, HORAINICIO, HORAFIN, COSTO, IDSERVICIO) VALUES (381, '09:15', '10:00', 18000, 6);
INSERT INTO VIAJE (IDVIAJE, HORAINICIO, HORAFIN, COSTO, IDSERVICIO) VALUES (382, '09:30', '10:15', 32000, 7);
INSERT INTO VIAJE (IDVIAJE, HORAINICIO, HORAFIN, COSTO, IDSERVICIO) VALUES (383, '09:45', '10:30', 21000, 8);
INSERT INTO VIAJE (IDVIAJE, HORAINICIO, HORAFIN, COSTO, IDSERVICIO) VALUES (384, '10:00', '10:45', 29000, 9);
INSERT INTO VIAJE (IDVIAJE, HORAINICIO, HORAFIN, COSTO, IDSERVICIO) VALUES (385, '10:15', '11:00', 26000, 10);
INSERT INTO VIAJE (IDVIAJE, HORAINICIO, HORAFIN, COSTO, IDSERVICIO) VALUES (386, '10:30', '11:15', 17000, 11);
INSERT INTO VIAJE (IDVIAJE, HORAINICIO, HORAFIN, COSTO, IDSERVICIO) VALUES (387, '10:45', '11:30', 34000, 12);
INSERT INTO VIAJE (IDVIAJE, HORAINICIO, HORAFIN, COSTO, IDSERVICIO) VALUES (388, '11:00', '11:45', 23000, 13);
INSERT INTO VIAJE (IDVIAJE, HORAINICIO, HORAFIN, COSTO, IDSERVICIO) VALUES (389, '11:15', '12:00', 31000, 14);
INSERT INTO VIAJE (IDVIAJE, HORAINICIO, HORAFIN, COSTO, IDSERVICIO) VALUES (390, '11:30', '12:15', 19000, 15);
INSERT INTO VIAJE (IDVIAJE, HORAINICIO, HORAFIN, COSTO, IDSERVICIO) VALUES (391, '11:45', '12:30', 27000, 1);
INSERT INTO VIAJE (IDVIAJE, HORAINICIO, HORAFIN, COSTO, IDSERVICIO) VALUES (392, '12:00', '12:45', 35000, 2);
INSERT INTO VIAJE (IDVIAJE, HORAINICIO, HORAFIN, COSTO, IDSERVICIO) VALUES (393, '12:15', '13:00', 22000, 3);
INSERT INTO VIAJE (IDVIAJE, HORAINICIO, HORAFIN, COSTO, IDSERVICIO) VALUES (394, '12:30', '13:15', 28000, 4);
INSERT INTO VIAJE (IDVIAJE, HORAINICIO, HORAFIN, COSTO, IDSERVICIO) VALUES (395, '12:45', '13:30', 24000, 5);
INSERT INTO VIAJE (IDVIAJE, HORAINICIO, HORAFIN, COSTO, IDSERVICIO) VALUES (396, '13:00', '13:45', 16000, 6);
INSERT INTO VIAJE (IDVIAJE, HORAINICIO, HORAFIN, COSTO, IDSERVICIO) VALUES (397, '13:15', '14:00', 33000, 7);
INSERT INTO VIAJE (IDVIAJE, HORAINICIO, HORAFIN, COSTO, IDSERVICIO) VALUES (398, '13:30', '14:15', 20000, 8);
INSERT INTO VIAJE (IDVIAJE, HORAINICIO, HORAFIN, COSTO, IDSERVICIO) VALUES (399, '13:45', '14:30', 30000, 9);
INSERT INTO VIAJE (IDVIAJE, HORAINICIO, HORAFIN, COSTO, IDSERVICIO) VALUES (400, '14:00', '14:45', 25000, 10);

INSERT INTO VIAJE (IDVIAJE, HORAINICIO, HORAFIN, COSTO, IDSERVICIO) VALUES (401, '14:15', '15:00', 18000, 11);
INSERT INTO VIAJE (IDVIAJE, HORAINICIO, HORAFIN, COSTO, IDSERVICIO) VALUES (402, '14:30', '15:15', 32000, 12);
INSERT INTO VIAJE (IDVIAJE, HORAINICIO, HORAFIN, COSTO, IDSERVICIO) VALUES (403, '14:45', '15:30', 21000, 13);
INSERT INTO VIAJE (IDVIAJE, HORAINICIO, HORAFIN, COSTO, IDSERVICIO) VALUES (404, '15:00', '15:45', 29000, 14);
INSERT INTO VIAJE (IDVIAJE, HORAINICIO, HORAFIN, COSTO, IDSERVICIO) VALUES (405, '15:15', '16:00', 26000, 15);
INSERT INTO VIAJE (IDVIAJE, HORAINICIO, HORAFIN, COSTO, IDSERVICIO) VALUES (406, '15:30', '16:15', 17000, 1);
INSERT INTO VIAJE (IDVIAJE, HORAINICIO, HORAFIN, COSTO, IDSERVICIO) VALUES (407, '15:45', '16:30', 34000, 2);
INSERT INTO VIAJE (IDVIAJE, HORAINICIO, HORAFIN, COSTO, IDSERVICIO) VALUES (408, '16:00', '16:45', 23000, 3);
INSERT INTO VIAJE (IDVIAJE, HORAINICIO, HORAFIN, COSTO, IDSERVICIO) VALUES (409, '16:15', '17:00', 31000, 4);
INSERT INTO VIAJE (IDVIAJE, HORAINICIO, HORAFIN, COSTO, IDSERVICIO) VALUES (410, '16:30', '17:15', 19000, 5);
INSERT INTO VIAJE (IDVIAJE, HORAINICIO, HORAFIN, COSTO, IDSERVICIO) VALUES (411, '16:45', '17:30', 27000, 6);
INSERT INTO VIAJE (IDVIAJE, HORAINICIO, HORAFIN, COSTO, IDSERVICIO) VALUES (412, '17:00', '17:45', 35000, 7);
INSERT INTO VIAJE (IDVIAJE, HORAINICIO, HORAFIN, COSTO, IDSERVICIO) VALUES (413, '17:15', '18:00', 22000, 8);
INSERT INTO VIAJE (IDVIAJE, HORAINICIO, HORAFIN, COSTO, IDSERVICIO) VALUES (414, '17:30', '18:15', 28000, 9);
INSERT INTO VIAJE (IDVIAJE, HORAINICIO, HORAFIN, COSTO, IDSERVICIO) VALUES (415, '17:45', '18:30', 24000, 10);
INSERT INTO VIAJE (IDVIAJE, HORAINICIO, HORAFIN, COSTO, IDSERVICIO) VALUES (416, '18:00', '18:45', 16000, 11);
INSERT INTO VIAJE (IDVIAJE, HORAINICIO, HORAFIN, COSTO, IDSERVICIO) VALUES (417, '18:15', '19:00', 33000, 12);
INSERT INTO VIAJE (IDVIAJE, HORAINICIO, HORAFIN, COSTO, IDSERVICIO) VALUES (418, '18:30', '19:15', 20000, 13);
INSERT INTO VIAJE (IDVIAJE, HORAINICIO, HORAFIN, COSTO, IDSERVICIO) VALUES (419, '18:45', '19:30', 30000, 14);
INSERT INTO VIAJE (IDVIAJE, HORAINICIO, HORAFIN, COSTO, IDSERVICIO) VALUES (420, '19:00', '19:45', 25000, 15);

INSERT INTO VIAJE (IDVIAJE, HORAINICIO, HORAFIN, COSTO, IDSERVICIO) VALUES (421, '19:15', '20:00', 18000, 1);
INSERT INTO VIAJE (IDVIAJE, HORAINICIO, HORAFIN, COSTO, IDSERVICIO) VALUES (422, '19:30', '20:15', 32000, 2);
INSERT INTO VIAJE (IDVIAJE, HORAINICIO, HORAFIN, COSTO, IDSERVICIO) VALUES (423, '19:45', '20:30', 21000, 3);
INSERT INTO VIAJE (IDVIAJE, HORAINICIO, HORAFIN, COSTO, IDSERVICIO) VALUES (424, '20:00', '20:45', 29000, 4);
INSERT INTO VIAJE (IDVIAJE, HORAINICIO, HORAFIN, COSTO, IDSERVICIO) VALUES (425, '20:15', '21:00', 26000, 5);
INSERT INTO VIAJE (IDVIAJE, HORAINICIO, HORAFIN, COSTO, IDSERVICIO) VALUES (426, '20:30', '21:15', 17000, 6);
INSERT INTO VIAJE (IDVIAJE, HORAINICIO, HORAFIN, COSTO, IDSERVICIO) VALUES (427, '20:45', '21:30', 34000, 7);
INSERT INTO VIAJE (IDVIAJE, HORAINICIO, HORAFIN, COSTO, IDSERVICIO) VALUES (428, '21:00', '21:45', 23000, 8);
INSERT INTO VIAJE (IDVIAJE, HORAINICIO, HORAFIN, COSTO, IDSERVICIO) VALUES (429, '21:15', '22:00', 31000, 9);
INSERT INTO VIAJE (IDVIAJE, HORAINICIO, HORAFIN, COSTO, IDSERVICIO) VALUES (430, '21:30', '22:15', 19000, 10);
INSERT INTO VIAJE (IDVIAJE, HORAINICIO, HORAFIN, COSTO, IDSERVICIO) VALUES (431, '21:45', '22:30', 27000, 11);
INSERT INTO VIAJE (IDVIAJE, HORAINICIO, HORAFIN, COSTO, IDSERVICIO) VALUES (432, '22:00', '22:45', 35000, 12);
INSERT INTO VIAJE (IDVIAJE, HORAINICIO, HORAFIN, COSTO, IDSERVICIO) VALUES (433, '22:15', '23:00', 22000, 13);
INSERT INTO VIAJE (IDVIAJE, HORAINICIO, HORAFIN, COSTO, IDSERVICIO) VALUES (434, '22:30', '23:15', 28000, 14);
INSERT INTO VIAJE (IDVIAJE, HORAINICIO, HORAFIN, COSTO, IDSERVICIO) VALUES (435, '22:45', '23:30', 24000, 15);
INSERT INTO VIAJE (IDVIAJE, HORAINICIO, HORAFIN, COSTO, IDSERVICIO) VALUES (436, '06:00', '06:45', 16000, 1);
INSERT INTO VIAJE (IDVIAJE, HORAINICIO, HORAFIN, COSTO, IDSERVICIO) VALUES (437, '06:15', '07:00', 33000, 2);
INSERT INTO VIAJE (IDVIAJE, HORAINICIO, HORAFIN, COSTO, IDSERVICIO) VALUES (438, '06:30', '07:15', 20000, 3);
INSERT INTO VIAJE (IDVIAJE, HORAINICIO, HORAFIN, COSTO, IDSERVICIO) VALUES (439, '06:45', '07:30', 30000, 4);
INSERT INTO VIAJE (IDVIAJE, HORAINICIO, HORAFIN, COSTO, IDSERVICIO) VALUES (440, '07:00', '07:45', 25000, 5);

INSERT INTO VIAJE (IDVIAJE, HORAINICIO, HORAFIN, COSTO, IDSERVICIO) VALUES (441, '07:15', '08:00', 18000, 6);
INSERT INTO VIAJE (IDVIAJE, HORAINICIO, HORAFIN, COSTO, IDSERVICIO) VALUES (442, '07:30', '08:15', 32000, 7);
INSERT INTO VIAJE (IDVIAJE, HORAINICIO, HORAFIN, COSTO, IDSERVICIO) VALUES (443, '07:45', '08:30', 21000, 8);
INSERT INTO VIAJE (IDVIAJE, HORAINICIO, HORAFIN, COSTO, IDSERVICIO) VALUES (444, '08:00', '08:45', 29000, 9);
INSERT INTO VIAJE (IDVIAJE, HORAINICIO, HORAFIN, COSTO, IDSERVICIO) VALUES (445, '08:15', '09:00', 26000, 10);
INSERT INTO VIAJE (IDVIAJE, HORAINICIO, HORAFIN, COSTO, IDSERVICIO) VALUES (446, '08:30', '09:15', 17000, 11);
INSERT INTO VIAJE (IDVIAJE, HORAINICIO, HORAFIN, COSTO, IDSERVICIO) VALUES (447, '08:45', '09:30', 34000, 12);
INSERT INTO VIAJE (IDVIAJE, HORAINICIO, HORAFIN, COSTO, IDSERVICIO) VALUES (448, '09:00', '09:45', 23000, 13);
INSERT INTO VIAJE (IDVIAJE, HORAINICIO, HORAFIN, COSTO, IDSERVICIO) VALUES (449, '09:15', '10:00', 31000, 14);
INSERT INTO VIAJE (IDVIAJE, HORAINICIO, HORAFIN, COSTO, IDSERVICIO) VALUES (450, '09:30', '10:15', 19000, 15);
INSERT INTO VIAJE (IDVIAJE, HORAINICIO, HORAFIN, COSTO, IDSERVICIO) VALUES (451, '09:45', '10:30', 27000, 1);
INSERT INTO VIAJE (IDVIAJE, HORAINICIO, HORAFIN, COSTO, IDSERVICIO) VALUES (452, '10:00', '10:45', 35000, 2);
INSERT INTO VIAJE (IDVIAJE, HORAINICIO, HORAFIN, COSTO, IDSERVICIO) VALUES (453, '10:15', '11:00', 22000, 3);
INSERT INTO VIAJE (IDVIAJE, HORAINICIO, HORAFIN, COSTO, IDSERVICIO) VALUES (454, '10:30', '11:15', 28000, 4);
INSERT INTO VIAJE (IDVIAJE, HORAINICIO, HORAFIN, COSTO, IDSERVICIO) VALUES (455, '10:45', '11:30', 24000, 5);
INSERT INTO VIAJE (IDVIAJE, HORAINICIO, HORAFIN, COSTO, IDSERVICIO) VALUES (456, '11:00', '11:45', 16000, 6);
INSERT INTO VIAJE (IDVIAJE, HORAINICIO, HORAFIN, COSTO, IDSERVICIO) VALUES (457, '11:15', '12:00', 33000, 7);
INSERT INTO VIAJE (IDVIAJE, HORAINICIO, HORAFIN, COSTO, IDSERVICIO) VALUES (458, '11:30', '12:15', 20000, 8);
INSERT INTO VIAJE (IDVIAJE, HORAINICIO, HORAFIN, COSTO, IDSERVICIO) VALUES (459, '11:45', '12:30', 30000, 9);
INSERT INTO VIAJE (IDVIAJE, HORAINICIO, HORAFIN, COSTO, IDSERVICIO) VALUES (460, '12:00', '12:45', 25000, 10);

INSERT INTO VIAJE (IDVIAJE, HORAINICIO, HORAFIN, COSTO, IDSERVICIO) VALUES (461, '12:15', '13:00', 18000, 11);
INSERT INTO VIAJE (IDVIAJE, HORAINICIO, HORAFIN, COSTO, IDSERVICIO) VALUES (462, '12:30', '13:15', 32000, 12);
INSERT INTO VIAJE (IDVIAJE, HORAINICIO, HORAFIN, COSTO, IDSERVICIO) VALUES (463, '12:45', '13:30', 21000, 13);
INSERT INTO VIAJE (IDVIAJE, HORAINICIO, HORAFIN, COSTO, IDSERVICIO) VALUES (464, '13:00', '13:45', 29000, 14);
INSERT INTO VIAJE (IDVIAJE, HORAINICIO, HORAFIN, COSTO, IDSERVICIO) VALUES (465, '13:15', '14:00', 26000, 15);
INSERT INTO VIAJE (IDVIAJE, HORAINICIO, HORAFIN, COSTO, IDSERVICIO) VALUES (466, '13:30', '14:15', 17000, 1);
INSERT INTO VIAJE (IDVIAJE, HORAINICIO, HORAFIN, COSTO, IDSERVICIO) VALUES (467, '13:45', '14:30', 34000, 2);
INSERT INTO VIAJE (IDVIAJE, HORAINICIO, HORAFIN, COSTO, IDSERVICIO) VALUES (468, '14:00', '14:45', 23000, 3);
INSERT INTO VIAJE (IDVIAJE, HORAINICIO, HORAFIN, COSTO, IDSERVICIO) VALUES (469, '14:15', '15:00', 31000, 4);
INSERT INTO VIAJE (IDVIAJE, HORAINICIO, HORAFIN, COSTO, IDSERVICIO) VALUES (470, '14:30', '15:15', 19000, 5);
INSERT INTO VIAJE (IDVIAJE, HORAINICIO, HORAFIN, COSTO, IDSERVICIO) VALUES (471, '14:45', '15:30', 27000, 6);
INSERT INTO VIAJE (IDVIAJE, HORAINICIO, HORAFIN, COSTO, IDSERVICIO) VALUES (472, '15:00', '15:45', 35000, 7);
INSERT INTO VIAJE (IDVIAJE, HORAINICIO, HORAFIN, COSTO, IDSERVICIO) VALUES (473, '15:15', '16:00', 22000, 8);
INSERT INTO VIAJE (IDVIAJE, HORAINICIO, HORAFIN, COSTO, IDSERVICIO) VALUES (474, '15:30', '16:15', 28000, 9);
INSERT INTO VIAJE (IDVIAJE, HORAINICIO, HORAFIN, COSTO, IDSERVICIO) VALUES (475, '15:45', '16:30', 24000, 10);
INSERT INTO VIAJE (IDVIAJE, HORAINICIO, HORAFIN, COSTO, IDSERVICIO) VALUES (476, '16:00', '16:45', 16000, 11);
INSERT INTO VIAJE (IDVIAJE, HORAINICIO, HORAFIN, COSTO, IDSERVICIO) VALUES (477, '16:15', '17:00', 33000, 12);
INSERT INTO VIAJE (IDVIAJE, HORAINICIO, HORAFIN, COSTO, IDSERVICIO) VALUES (478, '16:30', '17:15', 20000, 13);
INSERT INTO VIAJE (IDVIAJE, HORAINICIO, HORAFIN, COSTO, IDSERVICIO) VALUES (479, '16:45', '17:30', 30000, 14);
INSERT INTO VIAJE (IDVIAJE, HORAINICIO, HORAFIN, COSTO, IDSERVICIO) VALUES (480, '17:00', '17:45', 25000, 15);

INSERT INTO VIAJE (IDVIAJE, HORAINICIO, HORAFIN, COSTO, IDSERVICIO) VALUES (481, '17:15', '18:00', 18000, 1);
INSERT INTO VIAJE (IDVIAJE, HORAINICIO, HORAFIN, COSTO, IDSERVICIO) VALUES (482, '17:30', '18:15', 32000, 2);
INSERT INTO VIAJE (IDVIAJE, HORAINICIO, HORAFIN, COSTO, IDSERVICIO) VALUES (483, '17:45', '18:30', 21000, 3);
INSERT INTO VIAJE (IDVIAJE, HORAINICIO, HORAFIN, COSTO, IDSERVICIO) VALUES (484, '18:00', '18:45', 29000, 4);
INSERT INTO VIAJE (IDVIAJE, HORAINICIO, HORAFIN, COSTO, IDSERVICIO) VALUES (485, '18:15', '19:00', 26000, 5);
INSERT INTO VIAJE (IDVIAJE, HORAINICIO, HORAFIN, COSTO, IDSERVICIO) VALUES (486, '18:30', '19:15', 17000, 6);
INSERT INTO VIAJE (IDVIAJE, HORAINICIO, HORAFIN, COSTO, IDSERVICIO) VALUES (487, '18:45', '19:30', 34000, 7);
INSERT INTO VIAJE (IDVIAJE, HORAINICIO, HORAFIN, COSTO, IDSERVICIO) VALUES (488, '19:00', '19:45', 23000, 8);
INSERT INTO VIAJE (IDVIAJE, HORAINICIO, HORAFIN, COSTO, IDSERVICIO) VALUES (489, '19:15', '20:00', 31000, 9);
INSERT INTO VIAJE (IDVIAJE, HORAINICIO, HORAFIN, COSTO, IDSERVICIO) VALUES (490, '19:30', '20:15', 19000, 10);
INSERT INTO VIAJE (IDVIAJE, HORAINICIO, HORAFIN, COSTO, IDSERVICIO) VALUES (491, '19:45', '20:30', 27000, 11);
INSERT INTO VIAJE (IDVIAJE, HORAINICIO, HORAFIN, COSTO, IDSERVICIO) VALUES (492, '20:00', '20:45', 35000, 12);
INSERT INTO VIAJE (IDVIAJE, HORAINICIO, HORAFIN, COSTO, IDSERVICIO) VALUES (493, '20:15', '21:00', 22000, 13);
INSERT INTO VIAJE (IDVIAJE, HORAINICIO, HORAFIN, COSTO, IDSERVICIO) VALUES (494, '20:30', '21:15', 28000, 14);
INSERT INTO VIAJE (IDVIAJE, HORAINICIO, HORAFIN, COSTO, IDSERVICIO) VALUES (495, '20:45', '21:30', 24000, 15);
INSERT INTO VIAJE (IDVIAJE, HORAINICIO, HORAFIN, COSTO, IDSERVICIO) VALUES (496, '21:00', '21:45', 16000, 1);
INSERT INTO VIAJE (IDVIAJE, HORAINICIO, HORAFIN, COSTO, IDSERVICIO) VALUES (497, '21:15', '22:00', 33000, 2);
INSERT INTO VIAJE (IDVIAJE, HORAINICIO, HORAFIN, COSTO, IDSERVICIO) VALUES (498, '21:30', '22:15', 20000, 3);
INSERT INTO VIAJE (IDVIAJE, HORAINICIO, HORAFIN, COSTO, IDSERVICIO) VALUES (499, '21:45', '22:30', 30000, 4);
INSERT INTO VIAJE (IDVIAJE, HORAINICIO, HORAFIN, COSTO, IDSERVICIO) VALUES (500, '22:00', '22:45', 25000, 5);


INSERT INTO VIAJE (IDVIAJE, HORAINICIO, HORAFIN, COSTO, IDSERVICIO) VALUES (501, '22:15', '23:00', 18000, 6);
INSERT INTO VIAJE (IDVIAJE, HORAINICIO, HORAFIN, COSTO, IDSERVICIO) VALUES (502, '22:30', '23:15', 32000, 7);
INSERT INTO VIAJE (IDVIAJE, HORAINICIO, HORAFIN, COSTO, IDSERVICIO) VALUES (503, '22:45', '23:30', 21000, 8);
INSERT INTO VIAJE (IDVIAJE, HORAINICIO, HORAFIN, COSTO, IDSERVICIO) VALUES (504, '06:00', '06:45', 29000, 9);
INSERT INTO VIAJE (IDVIAJE, HORAINICIO, HORAFIN, COSTO, IDSERVICIO) VALUES (505, '06:15', '07:00', 26000, 10);
INSERT INTO VIAJE (IDVIAJE, HORAINICIO, HORAFIN, COSTO, IDSERVICIO) VALUES (506, '06:30', '07:15', 17000, 11);
INSERT INTO VIAJE (IDVIAJE, HORAINICIO, HORAFIN, COSTO, IDSERVICIO) VALUES (507, '06:45', '07:30', 34000, 12);
INSERT INTO VIAJE (IDVIAJE, HORAINICIO, HORAFIN, COSTO, IDSERVICIO) VALUES (508, '07:00', '07:45', 23000, 13);
INSERT INTO VIAJE (IDVIAJE, HORAINICIO, HORAFIN, COSTO, IDSERVICIO) VALUES (509, '07:15', '08:00', 31000, 14);
INSERT INTO VIAJE (IDVIAJE, HORAINICIO, HORAFIN, COSTO, IDSERVICIO) VALUES (510, '07:30', '08:15', 19000, 15);
INSERT INTO VIAJE (IDVIAJE, HORAINICIO, HORAFIN, COSTO, IDSERVICIO) VALUES (511, '07:45', '08:30', 27000, 1);
INSERT INTO VIAJE (IDVIAJE, HORAINICIO, HORAFIN, COSTO, IDSERVICIO) VALUES (512, '08:00', '08:45', 35000, 2);
INSERT INTO VIAJE (IDVIAJE, HORAINICIO, HORAFIN, COSTO, IDSERVICIO) VALUES (513, '08:15', '09:00', 22000, 3);
INSERT INTO VIAJE (IDVIAJE, HORAINICIO, HORAFIN, COSTO, IDSERVICIO) VALUES (514, '08:30', '09:15', 28000, 4);
INSERT INTO VIAJE (IDVIAJE, HORAINICIO, HORAFIN, COSTO, IDSERVICIO) VALUES (515, '08:45', '09:30', 24000, 5);
INSERT INTO VIAJE (IDVIAJE, HORAINICIO, HORAFIN, COSTO, IDSERVICIO) VALUES (516, '09:00', '09:45', 16000, 6);
INSERT INTO VIAJE (IDVIAJE, HORAINICIO, HORAFIN, COSTO, IDSERVICIO) VALUES (517, '09:15', '10:00', 33000, 7);
INSERT INTO VIAJE (IDVIAJE, HORAINICIO, HORAFIN, COSTO, IDSERVICIO) VALUES (518, '09:30', '10:15', 20000, 8);
INSERT INTO VIAJE (IDVIAJE, HORAINICIO, HORAFIN, COSTO, IDSERVICIO) VALUES (519, '09:45', '10:30', 30000, 9);
INSERT INTO VIAJE (IDVIAJE, HORAINICIO, HORAFIN, COSTO, IDSERVICIO) VALUES (520, '10:00', '10:45', 25000, 10);

INSERT INTO VIAJE (IDVIAJE, HORAINICIO, HORAFIN, COSTO, IDSERVICIO) VALUES (521, '10:15', '11:00', 18000, 11);
INSERT INTO VIAJE (IDVIAJE, HORAINICIO, HORAFIN, COSTO, IDSERVICIO) VALUES (522, '10:30', '11:15', 32000, 12);
INSERT INTO VIAJE (IDVIAJE, HORAINICIO, HORAFIN, COSTO, IDSERVICIO) VALUES (523, '10:45', '11:30', 21000, 13);
INSERT INTO VIAJE (IDVIAJE, HORAINICIO, HORAFIN, COSTO, IDSERVICIO) VALUES (524, '11:00', '11:45', 29000, 14);
INSERT INTO VIAJE (IDVIAJE, HORAINICIO, HORAFIN, COSTO, IDSERVICIO) VALUES (525, '11:15', '12:00', 26000, 15);
INSERT INTO VIAJE (IDVIAJE, HORAINICIO, HORAFIN, COSTO, IDSERVICIO) VALUES (526, '11:30', '12:15', 17000, 1);
INSERT INTO VIAJE (IDVIAJE, HORAINICIO, HORAFIN, COSTO, IDSERVICIO) VALUES (527, '11:45', '12:30', 34000, 2);
INSERT INTO VIAJE (IDVIAJE, HORAINICIO, HORAFIN, COSTO, IDSERVICIO) VALUES (528, '12:00', '12:45', 23000, 3);
INSERT INTO VIAJE (IDVIAJE, HORAINICIO, HORAFIN, COSTO, IDSERVICIO) VALUES (529, '12:15', '13:00', 31000, 4);
INSERT INTO VIAJE (IDVIAJE, HORAINICIO, HORAFIN, COSTO, IDSERVICIO) VALUES (530, '12:30', '13:15', 19000, 5);
INSERT INTO VIAJE (IDVIAJE, HORAINICIO, HORAFIN, COSTO, IDSERVICIO) VALUES (531, '12:45', '13:30', 27000, 6);
INSERT INTO VIAJE (IDVIAJE, HORAINICIO, HORAFIN, COSTO, IDSERVICIO) VALUES (532, '13:00', '13:45', 35000, 7);
INSERT INTO VIAJE (IDVIAJE, HORAINICIO, HORAFIN, COSTO, IDSERVICIO) VALUES (533, '13:15', '14:00', 22000, 8);
INSERT INTO VIAJE (IDVIAJE, HORAINICIO, HORAFIN, COSTO, IDSERVICIO) VALUES (534, '13:30', '14:15', 28000, 9);
INSERT INTO VIAJE (IDVIAJE, HORAINICIO, HORAFIN, COSTO, IDSERVICIO) VALUES (535, '13:45', '14:30', 24000, 10);
INSERT INTO VIAJE (IDVIAJE, HORAINICIO, HORAFIN, COSTO, IDSERVICIO) VALUES (536, '14:00', '14:45', 16000, 11);
INSERT INTO VIAJE (IDVIAJE, HORAINICIO, HORAFIN, COSTO, IDSERVICIO) VALUES (537, '14:15', '15:00', 33000, 12);
INSERT INTO VIAJE (IDVIAJE, HORAINICIO, HORAFIN, COSTO, IDSERVICIO) VALUES (538, '14:30', '15:15', 20000, 13);
INSERT INTO VIAJE (IDVIAJE, HORAINICIO, HORAFIN, COSTO, IDSERVICIO) VALUES (539, '14:45', '15:30', 30000, 14);
INSERT INTO VIAJE (IDVIAJE, HORAINICIO, HORAFIN, COSTO, IDSERVICIO) VALUES (540, '15:00', '15:45', 25000, 15);

INSERT INTO VIAJE (IDVIAJE, HORAINICIO, HORAFIN, COSTO, IDSERVICIO) VALUES (541, '15:15', '16:00', 18000, 1);
INSERT INTO VIAJE (IDVIAJE, HORAINICIO, HORAFIN, COSTO, IDSERVICIO) VALUES (542, '15:30', '16:15', 32000, 2);
INSERT INTO VIAJE (IDVIAJE, HORAINICIO, HORAFIN, COSTO, IDSERVICIO) VALUES (543, '15:45', '16:30', 21000, 3);
INSERT INTO VIAJE (IDVIAJE, HORAINICIO, HORAFIN, COSTO, IDSERVICIO) VALUES (544, '16:00', '16:45', 29000, 4);
INSERT INTO VIAJE (IDVIAJE, HORAINICIO, HORAFIN, COSTO, IDSERVICIO) VALUES (545, '16:15', '17:00', 26000, 5);
INSERT INTO VIAJE (IDVIAJE, HORAINICIO, HORAFIN, COSTO, IDSERVICIO) VALUES (546, '16:30', '17:15', 17000, 6);
INSERT INTO VIAJE (IDVIAJE, HORAINICIO, HORAFIN, COSTO, IDSERVICIO) VALUES (547, '16:45', '17:30', 34000, 7);
INSERT INTO VIAJE (IDVIAJE, HORAINICIO, HORAFIN, COSTO, IDSERVICIO) VALUES (548, '17:00', '17:45', 23000, 8);
INSERT INTO VIAJE (IDVIAJE, HORAINICIO, HORAFIN, COSTO, IDSERVICIO) VALUES (549, '17:15', '18:00', 31000, 9);
INSERT INTO VIAJE (IDVIAJE, HORAINICIO, HORAFIN, COSTO, IDSERVICIO) VALUES (550, '17:30', '18:15', 19000, 10);
INSERT INTO VIAJE (IDVIAJE, HORAINICIO, HORAFIN, COSTO, IDSERVICIO) VALUES (551, '17:45', '18:30', 27000, 11);
INSERT INTO VIAJE (IDVIAJE, HORAINICIO, HORAFIN, COSTO, IDSERVICIO) VALUES (552, '18:00', '18:45', 35000, 12);
INSERT INTO VIAJE (IDVIAJE, HORAINICIO, HORAFIN, COSTO, IDSERVICIO) VALUES (553, '18:15', '19:00', 22000, 13);
INSERT INTO VIAJE (IDVIAJE, HORAINICIO, HORAFIN, COSTO, IDSERVICIO) VALUES (554, '18:30', '19:15', 28000, 14);
INSERT INTO VIAJE (IDVIAJE, HORAINICIO, HORAFIN, COSTO, IDSERVICIO) VALUES (555, '18:45', '19:30', 24000, 15);
INSERT INTO VIAJE (IDVIAJE, HORAINICIO, HORAFIN, COSTO, IDSERVICIO) VALUES (556, '19:00', '19:45', 16000, 1);
INSERT INTO VIAJE (IDVIAJE, HORAINICIO, HORAFIN, COSTO, IDSERVICIO) VALUES (557, '19:15', '20:00', 33000, 2);
INSERT INTO VIAJE (IDVIAJE, HORAINICIO, HORAFIN, COSTO, IDSERVICIO) VALUES (558, '19:30', '20:15', 20000, 3);
INSERT INTO VIAJE (IDVIAJE, HORAINICIO, HORAFIN, COSTO, IDSERVICIO) VALUES (559, '19:45', '20:30', 30000, 4);
INSERT INTO VIAJE (IDVIAJE, HORAINICIO, HORAFIN, COSTO, IDSERVICIO) VALUES (560, '20:00', '20:45', 25000, 5);

INSERT INTO VIAJE (IDVIAJE, HORAINICIO, HORAFIN, COSTO, IDSERVICIO) VALUES (561, '20:15', '21:00', 18000, 6);
INSERT INTO VIAJE (IDVIAJE, HORAINICIO, HORAFIN, COSTO, IDSERVICIO) VALUES (562, '20:30', '21:15', 32000, 7);
INSERT INTO VIAJE (IDVIAJE, HORAINICIO, HORAFIN, COSTO, IDSERVICIO) VALUES (563, '20:45', '21:30', 21000, 8);
INSERT INTO VIAJE (IDVIAJE, HORAINICIO, HORAFIN, COSTO, IDSERVICIO) VALUES (564, '21:00', '21:45', 29000, 9);
INSERT INTO VIAJE (IDVIAJE, HORAINICIO, HORAFIN, COSTO, IDSERVICIO) VALUES (565, '21:15', '22:00', 26000, 10);
INSERT INTO VIAJE (IDVIAJE, HORAINICIO, HORAFIN, COSTO, IDSERVICIO) VALUES (566, '21:30', '22:15', 17000, 11);
INSERT INTO VIAJE (IDVIAJE, HORAINICIO, HORAFIN, COSTO, IDSERVICIO) VALUES (567, '21:45', '22:30', 34000, 12);
INSERT INTO VIAJE (IDVIAJE, HORAINICIO, HORAFIN, COSTO, IDSERVICIO) VALUES (568, '22:00', '22:45', 23000, 13);
INSERT INTO VIAJE (IDVIAJE, HORAINICIO, HORAFIN, COSTO, IDSERVICIO) VALUES (569, '22:15', '23:00', 31000, 14);
INSERT INTO VIAJE (IDVIAJE, HORAINICIO, HORAFIN, COSTO, IDSERVICIO) VALUES (570, '22:30', '23:15', 19000, 15);
INSERT INTO VIAJE (IDVIAJE, HORAINICIO, HORAFIN, COSTO, IDSERVICIO) VALUES (571, '22:45', '23:30', 27000, 1);
INSERT INTO VIAJE (IDVIAJE, HORAINICIO, HORAFIN, COSTO, IDSERVICIO) VALUES (572, '06:00', '06:45', 35000, 2);
INSERT INTO VIAJE (IDVIAJE, HORAINICIO, HORAFIN, COSTO, IDSERVICIO) VALUES (573, '06:15', '07:00', 22000, 3);
INSERT INTO VIAJE (IDVIAJE, HORAINICIO, HORAFIN, COSTO, IDSERVICIO) VALUES (574, '06:30', '07:15', 28000, 4);
INSERT INTO VIAJE (IDVIAJE, HORAINICIO, HORAFIN, COSTO, IDSERVICIO) VALUES (575, '06:45', '07:30', 24000, 5);
INSERT INTO VIAJE (IDVIAJE, HORAINICIO, HORAFIN, COSTO, IDSERVICIO) VALUES (576, '07:00', '07:45', 16000, 6);
INSERT INTO VIAJE (IDVIAJE, HORAINICIO, HORAFIN, COSTO, IDSERVICIO) VALUES (577, '07:15', '08:00', 33000, 7);
INSERT INTO VIAJE (IDVIAJE, HORAINICIO, HORAFIN, COSTO, IDSERVICIO) VALUES (578, '07:30', '08:15', 20000, 8);
INSERT INTO VIAJE (IDVIAJE, HORAINICIO, HORAFIN, COSTO, IDSERVICIO) VALUES (579, '07:45', '08:30', 30000, 9);
INSERT INTO VIAJE (IDVIAJE, HORAINICIO, HORAFIN, COSTO, IDSERVICIO) VALUES (580, '08:00', '08:45', 25000, 10);

INSERT INTO VIAJE (IDVIAJE, HORAINICIO, HORAFIN, COSTO, IDSERVICIO) VALUES (581, '08:15', '09:00', 18000, 11);
INSERT INTO VIAJE (IDVIAJE, HORAINICIO, HORAFIN, COSTO, IDSERVICIO) VALUES (582, '08:30', '09:15', 32000, 12);
INSERT INTO VIAJE (IDVIAJE, HORAINICIO, HORAFIN, COSTO, IDSERVICIO) VALUES (583, '08:45', '09:30', 21000, 13);
INSERT INTO VIAJE (IDVIAJE, HORAINICIO, HORAFIN, COSTO, IDSERVICIO) VALUES (584, '09:00', '09:45', 29000, 14);
INSERT INTO VIAJE (IDVIAJE, HORAINICIO, HORAFIN, COSTO, IDSERVICIO) VALUES (585, '09:15', '10:00', 26000, 15);
INSERT INTO VIAJE (IDVIAJE, HORAINICIO, HORAFIN, COSTO, IDSERVICIO) VALUES (586, '09:30', '10:15', 17000, 1);
INSERT INTO VIAJE (IDVIAJE, HORAINICIO, HORAFIN, COSTO, IDSERVICIO) VALUES (587, '09:45', '10:30', 34000, 2);
INSERT INTO VIAJE (IDVIAJE, HORAINICIO, HORAFIN, COSTO, IDSERVICIO) VALUES (588, '10:00', '10:45', 23000, 3);
INSERT INTO VIAJE (IDVIAJE, HORAINICIO, HORAFIN, COSTO, IDSERVICIO) VALUES (589, '10:15', '11:00', 31000, 4);
INSERT INTO VIAJE (IDVIAJE, HORAINICIO, HORAFIN, COSTO, IDSERVICIO) VALUES (590, '10:30', '11:15', 19000, 5);
INSERT INTO VIAJE (IDVIAJE, HORAINICIO, HORAFIN, COSTO, IDSERVICIO) VALUES (591, '10:45', '11:30', 27000, 6);
INSERT INTO VIAJE (IDVIAJE, HORAINICIO, HORAFIN, COSTO, IDSERVICIO) VALUES (592, '11:00', '11:45', 35000, 7);
INSERT INTO VIAJE (IDVIAJE, HORAINICIO, HORAFIN, COSTO, IDSERVICIO) VALUES (593, '11:15', '12:00', 22000, 8);
INSERT INTO VIAJE (IDVIAJE, HORAINICIO, HORAFIN, COSTO, IDSERVICIO) VALUES (594, '11:30', '12:15', 28000, 9);
INSERT INTO VIAJE (IDVIAJE, HORAINICIO, HORAFIN, COSTO, IDSERVICIO) VALUES (595, '11:45', '12:30', 24000, 10);
INSERT INTO VIAJE (IDVIAJE, HORAINICIO, HORAFIN, COSTO, IDSERVICIO) VALUES (596, '12:00', '12:45', 16000, 11);
INSERT INTO VIAJE (IDVIAJE, HORAINICIO, HORAFIN, COSTO, IDSERVICIO) VALUES (597, '12:15', '13:00', 33000, 12);
INSERT INTO VIAJE (IDVIAJE, HORAINICIO, HORAFIN, COSTO, IDSERVICIO) VALUES (598, '12:30', '13:15', 20000, 13);
INSERT INTO VIAJE (IDVIAJE, HORAINICIO, HORAFIN, COSTO, IDSERVICIO) VALUES (599, '12:45', '13:30', 30000, 14);

INSERT INTO VIAJE (IDVIAJE, HORAINICIO, HORAFIN, COSTO, IDSERVICIO) VALUES (601, '13:15', '14:00', 18000, 1);
INSERT INTO VIAJE (IDVIAJE, HORAINICIO, HORAFIN, COSTO, IDSERVICIO) VALUES (602, '13:30', '14:15', 32000, 2);
INSERT INTO VIAJE (IDVIAJE, HORAINICIO, HORAFIN, COSTO, IDSERVICIO) VALUES (603, '13:45', '14:30', 21000, 3);
INSERT INTO VIAJE (IDVIAJE, HORAINICIO, HORAFIN, COSTO, IDSERVICIO) VALUES (604, '14:00', '14:45', 29000, 4);
INSERT INTO VIAJE (IDVIAJE, HORAINICIO, HORAFIN, COSTO, IDSERVICIO) VALUES (605, '14:15', '15:00', 26000, 5);
INSERT INTO VIAJE (IDVIAJE, HORAINICIO, HORAFIN, COSTO, IDSERVICIO) VALUES (606, '14:30', '15:15', 17000, 6);
INSERT INTO VIAJE (IDVIAJE, HORAINICIO, HORAFIN, COSTO, IDSERVICIO) VALUES (607, '14:45', '15:30', 34000, 7);
INSERT INTO VIAJE (IDVIAJE, HORAINICIO, HORAFIN, COSTO, IDSERVICIO) VALUES (608, '15:00', '15:45', 23000, 8);
INSERT INTO VIAJE (IDVIAJE, HORAINICIO, HORAFIN, COSTO, IDSERVICIO) VALUES (609, '15:15', '16:00', 31000, 9);
INSERT INTO VIAJE (IDVIAJE, HORAINICIO, HORAFIN, COSTO, IDSERVICIO) VALUES (610, '15:30', '16:15', 19000, 10);
INSERT INTO VIAJE (IDVIAJE, HORAINICIO, HORAFIN, COSTO, IDSERVICIO) VALUES (611, '15:45', '16:30', 27000, 11);
INSERT INTO VIAJE (IDVIAJE, HORAINICIO, HORAFIN, COSTO, IDSERVICIO) VALUES (612, '16:00', '16:45', 35000, 12);
INSERT INTO VIAJE (IDVIAJE, HORAINICIO, HORAFIN, COSTO, IDSERVICIO) VALUES (613, '16:15', '17:00', 22000, 13);
INSERT INTO VIAJE (IDVIAJE, HORAINICIO, HORAFIN, COSTO, IDSERVICIO) VALUES (614, '16:30', '17:15', 28000, 14);
INSERT INTO VIAJE (IDVIAJE, HORAINICIO, HORAFIN, COSTO, IDSERVICIO) VALUES (615, '16:45', '17:30', 24000, 15);
INSERT INTO VIAJE (IDVIAJE, HORAINICIO, HORAFIN, COSTO, IDSERVICIO) VALUES (616, '17:00', '17:45', 16000, 1);
INSERT INTO VIAJE (IDVIAJE, HORAINICIO, HORAFIN, COSTO, IDSERVICIO) VALUES (617, '17:15', '18:00', 33000, 2);
INSERT INTO VIAJE (IDVIAJE, HORAINICIO, HORAFIN, COSTO, IDSERVICIO) VALUES (618, '17:30', '18:15', 20000, 3);
INSERT INTO VIAJE (IDVIAJE, HORAINICIO, HORAFIN, COSTO, IDSERVICIO) VALUES (619, '17:45', '18:30', 30000, 4);
INSERT INTO VIAJE (IDVIAJE, HORAINICIO, HORAFIN, COSTO, IDSERVICIO) VALUES (620, '18:00', '18:45', 25000, 5);

INSERT INTO VIAJE (IDVIAJE, HORAINICIO, HORAFIN, COSTO, IDSERVICIO) VALUES (621, '18:15', '19:00', 18000, 6);
INSERT INTO VIAJE (IDVIAJE, HORAINICIO, HORAFIN, COSTO, IDSERVICIO) VALUES (622, '18:30', '19:15', 32000, 7);
INSERT INTO VIAJE (IDVIAJE, HORAINICIO, HORAFIN, COSTO, IDSERVICIO) VALUES (623, '18:45', '19:30', 21000, 8);
INSERT INTO VIAJE (IDVIAJE, HORAINICIO, HORAFIN, COSTO, IDSERVICIO) VALUES (624, '19:00', '19:45', 29000, 9);
INSERT INTO VIAJE (IDVIAJE, HORAINICIO, HORAFIN, COSTO, IDSERVICIO) VALUES (625, '19:15', '20:00', 26000, 10);
INSERT INTO VIAJE (IDVIAJE, HORAINICIO, HORAFIN, COSTO, IDSERVICIO) VALUES (626, '19:30', '20:15', 17000, 11);
INSERT INTO VIAJE (IDVIAJE, HORAINICIO, HORAFIN, COSTO, IDSERVICIO) VALUES (627, '19:45', '20:30', 34000, 12);
INSERT INTO VIAJE (IDVIAJE, HORAINICIO, HORAFIN, COSTO, IDSERVICIO) VALUES (628, '20:00', '20:45', 23000, 13);
INSERT INTO VIAJE (IDVIAJE, HORAINICIO, HORAFIN, COSTO, IDSERVICIO) VALUES (629, '20:15', '21:00', 31000, 14);
INSERT INTO VIAJE (IDVIAJE, HORAINICIO, HORAFIN, COSTO, IDSERVICIO) VALUES (630, '20:30', '21:15', 19000, 15);
INSERT INTO VIAJE (IDVIAJE, HORAINICIO, HORAFIN, COSTO, IDSERVICIO) VALUES (631, '20:45', '21:30', 27000, 1);
INSERT INTO VIAJE (IDVIAJE, HORAINICIO, HORAFIN, COSTO, IDSERVICIO) VALUES (632, '21:00', '21:45', 35000, 2);
INSERT INTO VIAJE (IDVIAJE, HORAINICIO, HORAFIN, COSTO, IDSERVICIO) VALUES (633, '21:15', '22:00', 22000, 3);
INSERT INTO VIAJE (IDVIAJE, HORAINICIO, HORAFIN, COSTO, IDSERVICIO) VALUES (634, '21:30', '22:15', 28000, 4);
INSERT INTO VIAJE (IDVIAJE, HORAINICIO, HORAFIN, COSTO, IDSERVICIO) VALUES (635, '21:45', '22:30', 24000, 5);
INSERT INTO VIAJE (IDVIAJE, HORAINICIO, HORAFIN, COSTO, IDSERVICIO) VALUES (636, '22:00', '22:45', 16000, 6);
INSERT INTO VIAJE (IDVIAJE, HORAINICIO, HORAFIN, COSTO, IDSERVICIO) VALUES (637, '22:15', '23:00', 33000, 7);
INSERT INTO VIAJE (IDVIAJE, HORAINICIO, HORAFIN, COSTO, IDSERVICIO) VALUES (638, '22:30', '23:15', 20000, 8);
INSERT INTO VIAJE (IDVIAJE, HORAINICIO, HORAFIN, COSTO, IDSERVICIO) VALUES (639, '22:45', '23:30', 30000, 9);
INSERT INTO VIAJE (IDVIAJE, HORAINICIO, HORAFIN, COSTO, IDSERVICIO) VALUES (640, '06:00', '06:45', 25000, 10);

INSERT INTO VIAJE (IDVIAJE, HORAINICIO, HORAFIN, COSTO, IDSERVICIO) VALUES (641, '06:15', '07:00', 18000, 11);
INSERT INTO VIAJE (IDVIAJE, HORAINICIO, HORAFIN, COSTO, IDSERVICIO) VALUES (642, '06:30', '07:15', 32000, 12);
INSERT INTO VIAJE (IDVIAJE, HORAINICIO, HORAFIN, COSTO, IDSERVICIO) VALUES (643, '06:45', '07:30', 21000, 13);
INSERT INTO VIAJE (IDVIAJE, HORAINICIO, HORAFIN, COSTO, IDSERVICIO) VALUES (644, '07:00', '07:45', 29000, 14);
INSERT INTO VIAJE (IDVIAJE, HORAINICIO, HORAFIN, COSTO, IDSERVICIO) VALUES (645, '07:15', '08:00', 26000, 15);
INSERT INTO VIAJE (IDVIAJE, HORAINICIO, HORAFIN, COSTO, IDSERVICIO) VALUES (646, '07:30', '08:15', 17000, 1);
INSERT INTO VIAJE (IDVIAJE, HORAINICIO, HORAFIN, COSTO, IDSERVICIO) VALUES (647, '07:45', '08:30', 34000, 2);
INSERT INTO VIAJE (IDVIAJE, HORAINICIO, HORAFIN, COSTO, IDSERVICIO) VALUES (648, '08:00', '08:45', 23000, 3);
INSERT INTO VIAJE (IDVIAJE, HORAINICIO, HORAFIN, COSTO, IDSERVICIO) VALUES (649, '08:15', '09:00', 31000, 4);
INSERT INTO VIAJE (IDVIAJE, HORAINICIO, HORAFIN, COSTO, IDSERVICIO) VALUES (650, '08:30', '09:15', 19000, 5);
INSERT INTO VIAJE (IDVIAJE, HORAINICIO, HORAFIN, COSTO, IDSERVICIO) VALUES (651, '08:45', '09:30', 27000, 6);
INSERT INTO VIAJE (IDVIAJE, HORAINICIO, HORAFIN, COSTO, IDSERVICIO) VALUES (652, '09:00', '09:45', 35000, 7);
INSERT INTO VIAJE (IDVIAJE, HORAINICIO, HORAFIN, COSTO, IDSERVICIO) VALUES (653, '09:15', '10:00', 22000, 8);
INSERT INTO VIAJE (IDVIAJE, HORAINICIO, HORAFIN, COSTO, IDSERVICIO) VALUES (654, '09:30', '10:15', 28000, 9);
INSERT INTO VIAJE (IDVIAJE, HORAINICIO, HORAFIN, COSTO, IDSERVICIO) VALUES (655, '09:45', '10:30', 24000, 10);
INSERT INTO VIAJE (IDVIAJE, HORAINICIO, HORAFIN, COSTO, IDSERVICIO) VALUES (656, '10:00', '10:45', 16000, 11);
INSERT INTO VIAJE (IDVIAJE, HORAINICIO, HORAFIN, COSTO, IDSERVICIO) VALUES (657, '10:15', '11:00', 33000, 12);
INSERT INTO VIAJE (IDVIAJE, HORAINICIO, HORAFIN, COSTO, IDSERVICIO) VALUES (658, '10:30', '11:15', 20000, 13);
INSERT INTO VIAJE (IDVIAJE, HORAINICIO, HORAFIN, COSTO, IDSERVICIO) VALUES (659, '10:45', '11:30', 30000, 14);
INSERT INTO VIAJE (IDVIAJE, HORAINICIO, HORAFIN, COSTO, IDSERVICIO) VALUES (660, '11:00', '11:45', 25000, 15);

INSERT INTO VIAJE (IDVIAJE, HORAINICIO, HORAFIN, COSTO, IDSERVICIO) VALUES (661, '11:15', '12:00', 18000, 1);
INSERT INTO VIAJE (IDVIAJE, HORAINICIO, HORAFIN, COSTO, IDSERVICIO) VALUES (662, '11:30', '12:15', 32000, 2);
INSERT INTO VIAJE (IDVIAJE, HORAINICIO, HORAFIN, COSTO, IDSERVICIO) VALUES (663, '11:45', '12:30', 21000, 3);
INSERT INTO VIAJE (IDVIAJE, HORAINICIO, HORAFIN, COSTO, IDSERVICIO) VALUES (664, '12:00', '12:45', 29000, 4);
INSERT INTO VIAJE (IDVIAJE, HORAINICIO, HORAFIN, COSTO, IDSERVICIO) VALUES (665, '12:15', '13:00', 26000, 5);
INSERT INTO VIAJE (IDVIAJE, HORAINICIO, HORAFIN, COSTO, IDSERVICIO) VALUES (666, '12:30', '13:15', 17000, 6);
INSERT INTO VIAJE (IDVIAJE, HORAINICIO, HORAFIN, COSTO, IDSERVICIO) VALUES (667, '12:45', '13:30', 34000, 7);
INSERT INTO VIAJE (IDVIAJE, HORAINICIO, HORAFIN, COSTO, IDSERVICIO) VALUES (668, '13:00', '13:45', 23000, 8);
INSERT INTO VIAJE (IDVIAJE, HORAINICIO, HORAFIN, COSTO, IDSERVICIO) VALUES (669, '13:15', '14:00', 31000, 9);
INSERT INTO VIAJE (IDVIAJE, HORAINICIO, HORAFIN, COSTO, IDSERVICIO) VALUES (670, '13:30', '14:15', 19000, 10);
INSERT INTO VIAJE (IDVIAJE, HORAINICIO, HORAFIN, COSTO, IDSERVICIO) VALUES (671, '13:45', '14:30', 27000, 11);
INSERT INTO VIAJE (IDVIAJE, HORAINICIO, HORAFIN, COSTO, IDSERVICIO) VALUES (672, '14:00', '14:45', 35000, 12);
INSERT INTO VIAJE (IDVIAJE, HORAINICIO, HORAFIN, COSTO, IDSERVICIO) VALUES (673, '14:15', '15:00', 22000, 13);
INSERT INTO VIAJE (IDVIAJE, HORAINICIO, HORAFIN, COSTO, IDSERVICIO) VALUES (674, '14:30', '15:15', 28000, 14);
INSERT INTO VIAJE (IDVIAJE, HORAINICIO, HORAFIN, COSTO, IDSERVICIO) VALUES (675, '14:45', '15:30', 24000, 15);
INSERT INTO VIAJE (IDVIAJE, HORAINICIO, HORAFIN, COSTO, IDSERVICIO) VALUES (676, '15:00', '15:45', 16000, 1);
INSERT INTO VIAJE (IDVIAJE, HORAINICIO, HORAFIN, COSTO, IDSERVICIO) VALUES (677, '15:15', '16:00', 33000, 2);
INSERT INTO VIAJE (IDVIAJE, HORAINICIO, HORAFIN, COSTO, IDSERVICIO) VALUES (678, '15:30', '16:15', 20000, 3);
INSERT INTO VIAJE (IDVIAJE, HORAINICIO, HORAFIN, COSTO, IDSERVICIO) VALUES (679, '15:45', '16:30', 30000, 4);
INSERT INTO VIAJE (IDVIAJE, HORAINICIO, HORAFIN, COSTO, IDSERVICIO) VALUES (680, '16:00', '16:45', 25000, 5);

INSERT INTO VIAJE (IDVIAJE, HORAINICIO, HORAFIN, COSTO, IDSERVICIO) VALUES (681, '16:15', '17:00', 18000, 6);
INSERT INTO VIAJE (IDVIAJE, HORAINICIO, HORAFIN, COSTO, IDSERVICIO) VALUES (682, '16:30', '17:15', 32000, 7);
INSERT INTO VIAJE (IDVIAJE, HORAINICIO, HORAFIN, COSTO, IDSERVICIO) VALUES (683, '16:45', '17:30', 21000, 8);
INSERT INTO VIAJE (IDVIAJE, HORAINICIO, HORAFIN, COSTO, IDSERVICIO) VALUES (684, '17:00', '17:45', 29000, 9);
INSERT INTO VIAJE (IDVIAJE, HORAINICIO, HORAFIN, COSTO, IDSERVICIO) VALUES (685, '17:15', '18:00', 26000, 10);
INSERT INTO VIAJE (IDVIAJE, HORAINICIO, HORAFIN, COSTO, IDSERVICIO) VALUES (686, '17:30', '18:15', 17000, 11);
INSERT INTO VIAJE (IDVIAJE, HORAINICIO, HORAFIN, COSTO, IDSERVICIO) VALUES (687, '17:45', '18:30', 34000, 12);
INSERT INTO VIAJE (IDVIAJE, HORAINICIO, HORAFIN, COSTO, IDSERVICIO) VALUES (688, '18:00', '18:45', 23000, 13);
INSERT INTO VIAJE (IDVIAJE, HORAINICIO, HORAFIN, COSTO, IDSERVICIO) VALUES (689, '18:15', '19:00', 31000, 14);
INSERT INTO VIAJE (IDVIAJE, HORAINICIO, HORAFIN, COSTO, IDSERVICIO) VALUES (690, '18:30', '19:15', 19000, 15);
INSERT INTO VIAJE (IDVIAJE, HORAINICIO, HORAFIN, COSTO, IDSERVICIO) VALUES (691, '18:45', '19:30', 27000, 1);
INSERT INTO VIAJE (IDVIAJE, HORAINICIO, HORAFIN, COSTO, IDSERVICIO) VALUES (692, '19:00', '19:45', 35000, 2);
INSERT INTO VIAJE (IDVIAJE, HORAINICIO, HORAFIN, COSTO, IDSERVICIO) VALUES (693, '19:15', '20:00', 22000, 3);
INSERT INTO VIAJE (IDVIAJE, HORAINICIO, HORAFIN, COSTO, IDSERVICIO) VALUES (694, '19:30', '20:15', 28000, 4);
INSERT INTO VIAJE (IDVIAJE, HORAINICIO, HORAFIN, COSTO, IDSERVICIO) VALUES (695, '19:45', '20:30', 24000, 5);
INSERT INTO VIAJE (IDVIAJE, HORAINICIO, HORAFIN, COSTO, IDSERVICIO) VALUES (696, '20:00', '20:45', 16000, 6);
INSERT INTO VIAJE (IDVIAJE, HORAINICIO, HORAFIN, COSTO, IDSERVICIO) VALUES (697, '20:15', '21:00', 33000, 7);
INSERT INTO VIAJE (IDVIAJE, HORAINICIO, HORAFIN, COSTO, IDSERVICIO) VALUES (698, '20:30', '21:15', 20000, 8);
INSERT INTO VIAJE (IDVIAJE, HORAINICIO, HORAFIN, COSTO, IDSERVICIO) VALUES (699, '20:45', '21:30', 30000, 9);

INSERT INTO VIAJE (IDVIAJE, HORAINICIO, HORAFIN, COSTO, IDSERVICIO) VALUES (701, '21:15', '22:00', 18000, 11);
INSERT INTO VIAJE (IDVIAJE, HORAINICIO, HORAFIN, COSTO, IDSERVICIO) VALUES (702, '21:30', '22:15', 32000, 12);
INSERT INTO VIAJE (IDVIAJE, HORAINICIO, HORAFIN, COSTO, IDSERVICIO) VALUES (703, '21:45', '22:30', 21000, 13);
INSERT INTO VIAJE (IDVIAJE, HORAINICIO, HORAFIN, COSTO, IDSERVICIO) VALUES (704, '22:00', '22:45', 29000, 14);
INSERT INTO VIAJE (IDVIAJE, HORAINICIO, HORAFIN, COSTO, IDSERVICIO) VALUES (705, '22:15', '23:00', 26000, 15);
INSERT INTO VIAJE (IDVIAJE, HORAINICIO, HORAFIN, COSTO, IDSERVICIO) VALUES (706, '22:30', '23:15', 17000, 1);
INSERT INTO VIAJE (IDVIAJE, HORAINICIO, HORAFIN, COSTO, IDSERVICIO) VALUES (707, '22:45', '23:30', 34000, 2);
INSERT INTO VIAJE (IDVIAJE, HORAINICIO, HORAFIN, COSTO, IDSERVICIO) VALUES (708, '06:00', '06:45', 23000, 3);
INSERT INTO VIAJE (IDVIAJE, HORAINICIO, HORAFIN, COSTO, IDSERVICIO) VALUES (709, '06:15', '07:00', 31000, 4);
INSERT INTO VIAJE (IDVIAJE, HORAINICIO, HORAFIN, COSTO, IDSERVICIO) VALUES (710, '06:30', '07:15', 19000, 5);
INSERT INTO VIAJE (IDVIAJE, HORAINICIO, HORAFIN, COSTO, IDSERVICIO) VALUES (711, '06:45', '07:30', 27000, 6);
INSERT INTO VIAJE (IDVIAJE, HORAINICIO, HORAFIN, COSTO, IDSERVICIO) VALUES (712, '07:00', '07:45', 35000, 7);
INSERT INTO VIAJE (IDVIAJE, HORAINICIO, HORAFIN, COSTO, IDSERVICIO) VALUES (713, '07:15', '08:00', 22000, 8);
INSERT INTO VIAJE (IDVIAJE, HORAINICIO, HORAFIN, COSTO, IDSERVICIO) VALUES (714, '07:30', '08:15', 28000, 9);
INSERT INTO VIAJE (IDVIAJE, HORAINICIO, HORAFIN, COSTO, IDSERVICIO) VALUES (715, '07:45', '08:30', 24000, 10);
INSERT INTO VIAJE (IDVIAJE, HORAINICIO, HORAFIN, COSTO, IDSERVICIO) VALUES (716, '08:00', '08:45', 16000, 11);
INSERT INTO VIAJE (IDVIAJE, HORAINICIO, HORAFIN, COSTO, IDSERVICIO) VALUES (717, '08:15', '09:00', 33000, 12);
INSERT INTO VIAJE (IDVIAJE, HORAINICIO, HORAFIN, COSTO, IDSERVICIO) VALUES (718, '08:30', '09:15', 20000, 13);
INSERT INTO VIAJE (IDVIAJE, HORAINICIO, HORAFIN, COSTO, IDSERVICIO) VALUES (719, '08:45', '09:30', 30000, 14);
INSERT INTO VIAJE (IDVIAJE, HORAINICIO, HORAFIN, COSTO, IDSERVICIO) VALUES (720, '09:00', '09:45', 25000, 15);

INSERT INTO VIAJE (IDVIAJE, HORAINICIO, HORAFIN, COSTO, IDSERVICIO) VALUES (721, '09:15', '10:00', 18000, 1);
INSERT INTO VIAJE (IDVIAJE, HORAINICIO, HORAFIN, COSTO, IDSERVICIO) VALUES (722, '09:30', '10:15', 32000, 2);
INSERT INTO VIAJE (IDVIAJE, HORAINICIO, HORAFIN, COSTO, IDSERVICIO) VALUES (723, '09:45', '10:30', 21000, 3);
INSERT INTO VIAJE (IDVIAJE, HORAINICIO, HORAFIN, COSTO, IDSERVICIO) VALUES (724, '10:00', '10:45', 29000, 4);
INSERT INTO VIAJE (IDVIAJE, HORAINICIO, HORAFIN, COSTO, IDSERVICIO) VALUES (725, '10:15', '11:00', 26000, 5);
INSERT INTO VIAJE (IDVIAJE, HORAINICIO, HORAFIN, COSTO, IDSERVICIO) VALUES (726, '10:30', '11:15', 17000, 6);
INSERT INTO VIAJE (IDVIAJE, HORAINICIO, HORAFIN, COSTO, IDSERVICIO) VALUES (727, '10:45', '11:30', 34000, 7);
INSERT INTO VIAJE (IDVIAJE, HORAINICIO, HORAFIN, COSTO, IDSERVICIO) VALUES (728, '11:00', '11:45', 23000, 8);
INSERT INTO VIAJE (IDVIAJE, HORAINICIO, HORAFIN, COSTO, IDSERVICIO) VALUES (729, '11:15', '12:00', 31000, 9);
INSERT INTO VIAJE (IDVIAJE, HORAINICIO, HORAFIN, COSTO, IDSERVICIO) VALUES (730, '11:30', '12:15', 19000, 10);
INSERT INTO VIAJE (IDVIAJE, HORAINICIO, HORAFIN, COSTO, IDSERVICIO) VALUES (731, '11:45', '12:30', 27000, 11);
INSERT INTO VIAJE (IDVIAJE, HORAINICIO, HORAFIN, COSTO, IDSERVICIO) VALUES (732, '12:00', '12:45', 35000, 12);
INSERT INTO VIAJE (IDVIAJE, HORAINICIO, HORAFIN, COSTO, IDSERVICIO) VALUES (733, '12:15', '13:00', 22000, 13);
INSERT INTO VIAJE (IDVIAJE, HORAINICIO, HORAFIN, COSTO, IDSERVICIO) VALUES (734, '12:30', '13:15', 28000, 14);
INSERT INTO VIAJE (IDVIAJE, HORAINICIO, HORAFIN, COSTO, IDSERVICIO) VALUES (735, '12:45', '13:30', 24000, 15);
INSERT INTO VIAJE (IDVIAJE, HORAINICIO, HORAFIN, COSTO, IDSERVICIO) VALUES (736, '13:00', '13:45', 16000, 1);
INSERT INTO VIAJE (IDVIAJE, HORAINICIO, HORAFIN, COSTO, IDSERVICIO) VALUES (737, '13:15', '14:00', 33000, 2);
INSERT INTO VIAJE (IDVIAJE, HORAINICIO, HORAFIN, COSTO, IDSERVICIO) VALUES (738, '13:30', '14:15', 20000, 3);
INSERT INTO VIAJE (IDVIAJE, HORAINICIO, HORAFIN, COSTO, IDSERVICIO) VALUES (739, '13:45', '14:30', 30000, 4);
INSERT INTO VIAJE (IDVIAJE, HORAINICIO, HORAFIN, COSTO, IDSERVICIO) VALUES (740, '14:00', '14:45', 25000, 5);

INSERT INTO VIAJE (IDVIAJE, HORAINICIO, HORAFIN, COSTO, IDSERVICIO) VALUES (741, '14:15', '15:00', 18000, 6);
INSERT INTO VIAJE (IDVIAJE, HORAINICIO, HORAFIN, COSTO, IDSERVICIO) VALUES (742, '14:30', '15:15', 32000, 7);
INSERT INTO VIAJE (IDVIAJE, HORAINICIO, HORAFIN, COSTO, IDSERVICIO) VALUES (743, '14:45', '15:30', 21000, 8);
INSERT INTO VIAJE (IDVIAJE, HORAINICIO, HORAFIN, COSTO, IDSERVICIO) VALUES (744, '15:00', '15:45', 29000, 9);
INSERT INTO VIAJE (IDVIAJE, HORAINICIO, HORAFIN, COSTO, IDSERVICIO) VALUES (745, '15:15', '16:00', 26000, 10);
INSERT INTO VIAJE (IDVIAJE, HORAINICIO, HORAFIN, COSTO, IDSERVICIO) VALUES (746, '15:30', '16:15', 17000, 11);
INSERT INTO VIAJE (IDVIAJE, HORAINICIO, HORAFIN, COSTO, IDSERVICIO) VALUES (747, '15:45', '16:30', 34000, 12);
INSERT INTO VIAJE (IDVIAJE, HORAINICIO, HORAFIN, COSTO, IDSERVICIO) VALUES (748, '16:00', '16:45', 23000, 13);
INSERT INTO VIAJE (IDVIAJE, HORAINICIO, HORAFIN, COSTO, IDSERVICIO) VALUES (749, '16:15', '17:00', 31000, 14);
INSERT INTO VIAJE (IDVIAJE, HORAINICIO, HORAFIN, COSTO, IDSERVICIO) VALUES (750, '16:30', '17:15', 19000, 15);
INSERT INTO VIAJE (IDVIAJE, HORAINICIO, HORAFIN, COSTO, IDSERVICIO) VALUES (751, '16:45', '17:30', 27000, 1);
INSERT INTO VIAJE (IDVIAJE, HORAINICIO, HORAFIN, COSTO, IDSERVICIO) VALUES (752, '17:00', '17:45', 35000, 2);
INSERT INTO VIAJE (IDVIAJE, HORAINICIO, HORAFIN, COSTO, IDSERVICIO) VALUES (753, '17:15', '18:00', 22000, 3);
INSERT INTO VIAJE (IDVIAJE, HORAINICIO, HORAFIN, COSTO, IDSERVICIO) VALUES (754, '17:30', '18:15', 28000, 4);
INSERT INTO VIAJE (IDVIAJE, HORAINICIO, HORAFIN, COSTO, IDSERVICIO) VALUES (755, '17:45', '18:30', 24000, 5);
INSERT INTO VIAJE (IDVIAJE, HORAINICIO, HORAFIN, COSTO, IDSERVICIO) VALUES (756, '18:00', '18:45', 16000, 6);
INSERT INTO VIAJE (IDVIAJE, HORAINICIO, HORAFIN, COSTO, IDSERVICIO) VALUES (757, '18:15', '19:00', 33000, 7);
INSERT INTO VIAJE (IDVIAJE, HORAINICIO, HORAFIN, COSTO, IDSERVICIO) VALUES (758, '18:30', '19:15', 20000, 8);
INSERT INTO VIAJE (IDVIAJE, HORAINICIO, HORAFIN, COSTO, IDSERVICIO) VALUES (759, '18:45', '19:30', 30000, 9);
INSERT INTO VIAJE (IDVIAJE, HORAINICIO, HORAFIN, COSTO, IDSERVICIO) VALUES (760, '19:00', '19:45', 25000, 10);

INSERT INTO VIAJE (IDVIAJE, HORAINICIO, HORAFIN, COSTO, IDSERVICIO) VALUES (761, '19:15', '20:00', 18000, 11);
INSERT INTO VIAJE (IDVIAJE, HORAINICIO, HORAFIN, COSTO, IDSERVICIO) VALUES (762, '19:30', '20:15', 32000, 12);
INSERT INTO VIAJE (IDVIAJE, HORAINICIO, HORAFIN, COSTO, IDSERVICIO) VALUES (763, '19:45', '20:30', 21000, 13);
INSERT INTO VIAJE (IDVIAJE, HORAINICIO, HORAFIN, COSTO, IDSERVICIO) VALUES (764, '20:00', '20:45', 29000, 14);
INSERT INTO VIAJE (IDVIAJE, HORAINICIO, HORAFIN, COSTO, IDSERVICIO) VALUES (765, '20:15', '21:00', 26000, 15);
INSERT INTO VIAJE (IDVIAJE, HORAINICIO, HORAFIN, COSTO, IDSERVICIO) VALUES (766, '20:30', '21:15', 17000, 1);
INSERT INTO VIAJE (IDVIAJE, HORAINICIO, HORAFIN, COSTO, IDSERVICIO) VALUES (767, '20:45', '21:30', 34000, 2);
INSERT INTO VIAJE (IDVIAJE, HORAINICIO, HORAFIN, COSTO, IDSERVICIO) VALUES (768, '21:00', '21:45', 23000, 3);
INSERT INTO VIAJE (IDVIAJE, HORAINICIO, HORAFIN, COSTO, IDSERVICIO) VALUES (769, '21:15', '22:00', 31000, 4);
INSERT INTO VIAJE (IDVIAJE, HORAINICIO, HORAFIN, COSTO, IDSERVICIO) VALUES (770, '21:30', '22:15', 19000, 5);
INSERT INTO VIAJE (IDVIAJE, HORAINICIO, HORAFIN, COSTO, IDSERVICIO) VALUES (771, '21:45', '22:30', 27000, 6);
INSERT INTO VIAJE (IDVIAJE, HORAINICIO, HORAFIN, COSTO, IDSERVICIO) VALUES (772, '22:00', '22:45', 35000, 7);
INSERT INTO VIAJE (IDVIAJE, HORAINICIO, HORAFIN, COSTO, IDSERVICIO) VALUES (773, '22:15', '23:00', 22000, 8);
INSERT INTO VIAJE (IDVIAJE, HORAINICIO, HORAFIN, COSTO, IDSERVICIO) VALUES (774, '22:30', '23:15', 28000, 9);
INSERT INTO VIAJE (IDVIAJE, HORAINICIO, HORAFIN, COSTO, IDSERVICIO) VALUES (775, '22:45', '23:30', 24000, 10);
INSERT INTO VIAJE (IDVIAJE, HORAINICIO, HORAFIN, COSTO, IDSERVICIO) VALUES (776, '06:00', '06:45', 16000, 11);
INSERT INTO VIAJE (IDVIAJE, HORAINICIO, HORAFIN, COSTO, IDSERVICIO) VALUES (777, '06:15', '07:00', 33000, 12);
INSERT INTO VIAJE (IDVIAJE, HORAINICIO, HORAFIN, COSTO, IDSERVICIO) VALUES (778, '06:30', '07:15', 20000, 13);
INSERT INTO VIAJE (IDVIAJE, HORAINICIO, HORAFIN, COSTO, IDSERVICIO) VALUES (779, '06:45', '07:30', 30000, 14);
INSERT INTO VIAJE (IDVIAJE, HORAINICIO, HORAFIN, COSTO, IDSERVICIO) VALUES (780, '07:00', '07:45', 25000, 15);

INSERT INTO VIAJE (IDVIAJE, HORAINICIO, HORAFIN, COSTO, IDSERVICIO) VALUES (781, '07:15', '08:00', 18000, 1);
INSERT INTO VIAJE (IDVIAJE, HORAINICIO, HORAFIN, COSTO, IDSERVICIO) VALUES (782, '07:30', '08:15', 32000, 2);
INSERT INTO VIAJE (IDVIAJE, HORAINICIO, HORAFIN, COSTO, IDSERVICIO) VALUES (783, '07:45', '08:30', 21000, 3);
INSERT INTO VIAJE (IDVIAJE, HORAINICIO, HORAFIN, COSTO, IDSERVICIO) VALUES (784, '08:00', '08:45', 29000, 4);
INSERT INTO VIAJE (IDVIAJE, HORAINICIO, HORAFIN, COSTO, IDSERVICIO) VALUES (785, '08:15', '09:00', 26000, 5);
INSERT INTO VIAJE (IDVIAJE, HORAINICIO, HORAFIN, COSTO, IDSERVICIO) VALUES (786, '08:30', '09:15', 17000, 6);
INSERT INTO VIAJE (IDVIAJE, HORAINICIO, HORAFIN, COSTO, IDSERVICIO) VALUES (787, '08:45', '09:30', 34000, 7);
INSERT INTO VIAJE (IDVIAJE, HORAINICIO, HORAFIN, COSTO, IDSERVICIO) VALUES (788, '09:00', '09:45', 23000, 8);
INSERT INTO VIAJE (IDVIAJE, HORAINICIO, HORAFIN, COSTO, IDSERVICIO) VALUES (789, '09:15', '10:00', 31000, 9);
INSERT INTO VIAJE (IDVIAJE, HORAINICIO, HORAFIN, COSTO, IDSERVICIO) VALUES (790, '09:30', '10:15', 19000, 10);
INSERT INTO VIAJE (IDVIAJE, HORAINICIO, HORAFIN, COSTO, IDSERVICIO) VALUES (791, '09:45', '10:30', 27000, 11);
INSERT INTO VIAJE (IDVIAJE, HORAINICIO, HORAFIN, COSTO, IDSERVICIO) VALUES (792, '10:00', '10:45', 35000, 12);
INSERT INTO VIAJE (IDVIAJE, HORAINICIO, HORAFIN, COSTO, IDSERVICIO) VALUES (793, '10:15', '11:00', 22000, 13);
INSERT INTO VIAJE (IDVIAJE, HORAINICIO, HORAFIN, COSTO, IDSERVICIO) VALUES (794, '10:30', '11:15', 28000, 14);
INSERT INTO VIAJE (IDVIAJE, HORAINICIO, HORAFIN, COSTO, IDSERVICIO) VALUES (795, '10:45', '11:30', 24000, 15);
INSERT INTO VIAJE (IDVIAJE, HORAINICIO, HORAFIN, COSTO, IDSERVICIO) VALUES (796, '11:00', '11:45', 16000, 1);
INSERT INTO VIAJE (IDVIAJE, HORAINICIO, HORAFIN, COSTO, IDSERVICIO) VALUES (797, '11:15', '12:00', 33000, 2);
INSERT INTO VIAJE (IDVIAJE, HORAINICIO, HORAFIN, COSTO, IDSERVICIO) VALUES (798, '11:30', '12:15', 20000, 3);
INSERT INTO VIAJE (IDVIAJE, HORAINICIO, HORAFIN, COSTO, IDSERVICIO) VALUES (799, '11:45', '12:30', 30000, 4);

INSERT INTO VIAJE (IDVIAJE, HORAINICIO, HORAFIN, COSTO, IDSERVICIO) VALUES (801, '12:15', '13:00', 18000, 6);
INSERT INTO VIAJE (IDVIAJE, HORAINICIO, HORAFIN, COSTO, IDSERVICIO) VALUES (802, '12:30', '13:15', 32000, 7);
INSERT INTO VIAJE (IDVIAJE, HORAINICIO, HORAFIN, COSTO, IDSERVICIO) VALUES (803, '12:45', '13:30', 21000, 8);
INSERT INTO VIAJE (IDVIAJE, HORAINICIO, HORAFIN, COSTO, IDSERVICIO) VALUES (804, '13:00', '13:45', 29000, 9);
INSERT INTO VIAJE (IDVIAJE, HORAINICIO, HORAFIN, COSTO, IDSERVICIO) VALUES (805, '13:15', '14:00', 26000, 10);
INSERT INTO VIAJE (IDVIAJE, HORAINICIO, HORAFIN, COSTO, IDSERVICIO) VALUES (806, '13:30', '14:15', 17000, 11);
INSERT INTO VIAJE (IDVIAJE, HORAINICIO, HORAFIN, COSTO, IDSERVICIO) VALUES (807, '13:45', '14:30', 34000, 12);
INSERT INTO VIAJE (IDVIAJE, HORAINICIO, HORAFIN, COSTO, IDSERVICIO) VALUES (808, '14:00', '14:45', 23000, 13);
INSERT INTO VIAJE (IDVIAJE, HORAINICIO, HORAFIN, COSTO, IDSERVICIO) VALUES (809, '14:15', '15:00', 31000, 14);
INSERT INTO VIAJE (IDVIAJE, HORAINICIO, HORAFIN, COSTO, IDSERVICIO) VALUES (810, '14:30', '15:15', 19000, 15);
INSERT INTO VIAJE (IDVIAJE, HORAINICIO, HORAFIN, COSTO, IDSERVICIO) VALUES (811, '14:45', '15:30', 27000, 1);
INSERT INTO VIAJE (IDVIAJE, HORAINICIO, HORAFIN, COSTO, IDSERVICIO) VALUES (812, '15:00', '15:45', 35000, 2);
INSERT INTO VIAJE (IDVIAJE, HORAINICIO, HORAFIN, COSTO, IDSERVICIO) VALUES (813, '15:15', '16:00', 22000, 3);
INSERT INTO VIAJE (IDVIAJE, HORAINICIO, HORAFIN, COSTO, IDSERVICIO) VALUES (814, '15:30', '16:15', 28000, 4);
INSERT INTO VIAJE (IDVIAJE, HORAINICIO, HORAFIN, COSTO, IDSERVICIO) VALUES (815, '15:45', '16:30', 24000, 5);
INSERT INTO VIAJE (IDVIAJE, HORAINICIO, HORAFIN, COSTO, IDSERVICIO) VALUES (816, '16:00', '16:45', 16000, 6);
INSERT INTO VIAJE (IDVIAJE, HORAINICIO, HORAFIN, COSTO, IDSERVICIO) VALUES (817, '16:15', '17:00', 33000, 7);
INSERT INTO VIAJE (IDVIAJE, HORAINICIO, HORAFIN, COSTO, IDSERVICIO) VALUES (818, '16:30', '17:15', 20000, 8);
INSERT INTO VIAJE (IDVIAJE, HORAINICIO, HORAFIN, COSTO, IDSERVICIO) VALUES (819, '16:45', '17:30', 30000, 9);
INSERT INTO VIAJE (IDVIAJE, HORAINICIO, HORAFIN, COSTO, IDSERVICIO) VALUES (820, '17:00', '17:45', 25000, 10);

INSERT INTO VIAJE (IDVIAJE, HORAINICIO, HORAFIN, COSTO, IDSERVICIO) VALUES (821, '17:15', '18:00', 18000, 11);
INSERT INTO VIAJE (IDVIAJE, HORAINICIO, HORAFIN, COSTO, IDSERVICIO) VALUES (822, '17:30', '18:15', 32000, 12);
INSERT INTO VIAJE (IDVIAJE, HORAINICIO, HORAFIN, COSTO, IDSERVICIO) VALUES (823, '17:45', '18:30', 21000, 13);
INSERT INTO VIAJE (IDVIAJE, HORAINICIO, HORAFIN, COSTO, IDSERVICIO) VALUES (824, '18:00', '18:45', 29000, 14);
INSERT INTO VIAJE (IDVIAJE, HORAINICIO, HORAFIN, COSTO, IDSERVICIO) VALUES (825, '18:15', '19:00', 26000, 15);
INSERT INTO VIAJE (IDVIAJE, HORAINICIO, HORAFIN, COSTO, IDSERVICIO) VALUES (826, '18:30', '19:15', 17000, 1);
INSERT INTO VIAJE (IDVIAJE, HORAINICIO, HORAFIN, COSTO, IDSERVICIO) VALUES (827, '18:45', '19:30', 34000, 2);
INSERT INTO VIAJE (IDVIAJE, HORAINICIO, HORAFIN, COSTO, IDSERVICIO) VALUES (828, '19:00', '19:45', 23000, 3);
INSERT INTO VIAJE (IDVIAJE, HORAINICIO, HORAFIN, COSTO, IDSERVICIO) VALUES (829, '19:15', '20:00', 31000, 4);
INSERT INTO VIAJE (IDVIAJE, HORAINICIO, HORAFIN, COSTO, IDSERVICIO) VALUES (830, '19:30', '20:15', 19000, 5);
INSERT INTO VIAJE (IDVIAJE, HORAINICIO, HORAFIN, COSTO, IDSERVICIO) VALUES (831, '19:45', '20:30', 27000, 6);
INSERT INTO VIAJE (IDVIAJE, HORAINICIO, HORAFIN, COSTO, IDSERVICIO) VALUES (832, '20:00', '20:45', 35000, 7);
INSERT INTO VIAJE (IDVIAJE, HORAINICIO, HORAFIN, COSTO, IDSERVICIO) VALUES (833, '20:15', '21:00', 22000, 8);
INSERT INTO VIAJE (IDVIAJE, HORAINICIO, HORAFIN, COSTO, IDSERVICIO) VALUES (834, '20:30', '21:15', 28000, 9);
INSERT INTO VIAJE (IDVIAJE, HORAINICIO, HORAFIN, COSTO, IDSERVICIO) VALUES (835, '20:45', '21:30', 24000, 10);
INSERT INTO VIAJE (IDVIAJE, HORAINICIO, HORAFIN, COSTO, IDSERVICIO) VALUES (836, '21:00', '21:45', 16000, 11);
INSERT INTO VIAJE (IDVIAJE, HORAINICIO, HORAFIN, COSTO, IDSERVICIO) VALUES (837, '21:15', '22:00', 33000, 12);
INSERT INTO VIAJE (IDVIAJE, HORAINICIO, HORAFIN, COSTO, IDSERVICIO) VALUES (838, '21:30', '22:15', 20000, 13);
INSERT INTO VIAJE (IDVIAJE, HORAINICIO, HORAFIN, COSTO, IDSERVICIO) VALUES (839, '21:45', '22:30', 30000, 14);
INSERT INTO VIAJE (IDVIAJE, HORAINICIO, HORAFIN, COSTO, IDSERVICIO) VALUES (840, '22:00', '22:45', 25000, 15);

INSERT INTO VIAJE (IDVIAJE, HORAINICIO, HORAFIN, COSTO, IDSERVICIO) VALUES (841, '22:15', '23:00', 18000, 1);
INSERT INTO VIAJE (IDVIAJE, HORAINICIO, HORAFIN, COSTO, IDSERVICIO) VALUES (842, '22:30', '23:15', 32000, 2);
INSERT INTO VIAJE (IDVIAJE, HORAINICIO, HORAFIN, COSTO, IDSERVICIO) VALUES (843, '22:45', '23:30', 21000, 3);
INSERT INTO VIAJE (IDVIAJE, HORAINICIO, HORAFIN, COSTO, IDSERVICIO) VALUES (844, '06:00', '06:45', 29000, 4);
INSERT INTO VIAJE (IDVIAJE, HORAINICIO, HORAFIN, COSTO, IDSERVICIO) VALUES (845, '06:15', '07:00', 26000, 5);
INSERT INTO VIAJE (IDVIAJE, HORAINICIO, HORAFIN, COSTO, IDSERVICIO) VALUES (846, '06:30', '07:15', 17000, 6);
INSERT INTO VIAJE (IDVIAJE, HORAINICIO, HORAFIN, COSTO, IDSERVICIO) VALUES (847, '06:45', '07:30', 34000, 7);
INSERT INTO VIAJE (IDVIAJE, HORAINICIO, HORAFIN, COSTO, IDSERVICIO) VALUES (848, '07:00', '07:45', 23000, 8);
INSERT INTO VIAJE (IDVIAJE, HORAINICIO, HORAFIN, COSTO, IDSERVICIO) VALUES (849, '07:15', '08:00', 31000, 9);
INSERT INTO VIAJE (IDVIAJE, HORAINICIO, HORAFIN, COSTO, IDSERVICIO) VALUES (850, '07:30', '08:15', 19000, 10);
INSERT INTO VIAJE (IDVIAJE, HORAINICIO, HORAFIN, COSTO, IDSERVICIO) VALUES (851, '07:45', '08:30', 27000, 11);
INSERT INTO VIAJE (IDVIAJE, HORAINICIO, HORAFIN, COSTO, IDSERVICIO) VALUES (852, '08:00', '08:45', 35000, 12);
INSERT INTO VIAJE (IDVIAJE, HORAINICIO, HORAFIN, COSTO, IDSERVICIO) VALUES (853, '08:15', '09:00', 22000, 13);
INSERT INTO VIAJE (IDVIAJE, HORAINICIO, HORAFIN, COSTO, IDSERVICIO) VALUES (854, '08:30', '09:15', 28000, 14);
INSERT INTO VIAJE (IDVIAJE, HORAINICIO, HORAFIN, COSTO, IDSERVICIO) VALUES (855, '08:45', '09:30', 24000, 15);
INSERT INTO VIAJE (IDVIAJE, HORAINICIO, HORAFIN, COSTO, IDSERVICIO) VALUES (856, '09:00', '09:45', 16000, 1);
INSERT INTO VIAJE (IDVIAJE, HORAINICIO, HORAFIN, COSTO, IDSERVICIO) VALUES (857, '09:15', '10:00', 33000, 2);
INSERT INTO VIAJE (IDVIAJE, HORAINICIO, HORAFIN, COSTO, IDSERVICIO) VALUES (858, '09:30', '10:15', 20000, 3);
INSERT INTO VIAJE (IDVIAJE, HORAINICIO, HORAFIN, COSTO, IDSERVICIO) VALUES (859, '09:45', '10:30', 30000, 4);
INSERT INTO VIAJE (IDVIAJE, HORAINICIO, HORAFIN, COSTO, IDSERVICIO) VALUES (860, '10:00', '10:45', 25000, 5);

INSERT INTO VIAJE (IDVIAJE, HORAINICIO, HORAFIN, COSTO, IDSERVICIO) VALUES (861, '10:15', '11:00', 18000, 6);
INSERT INTO VIAJE (IDVIAJE, HORAINICIO, HORAFIN, COSTO, IDSERVICIO) VALUES (862, '10:30', '11:15', 32000, 7);
INSERT INTO VIAJE (IDVIAJE, HORAINICIO, HORAFIN, COSTO, IDSERVICIO) VALUES (863, '10:45', '11:30', 21000, 8);
INSERT INTO VIAJE (IDVIAJE, HORAINICIO, HORAFIN, COSTO, IDSERVICIO) VALUES (864, '11:00', '11:45', 29000, 9);
INSERT INTO VIAJE (IDVIAJE, HORAINICIO, HORAFIN, COSTO, IDSERVICIO) VALUES (865, '11:15', '12:00', 26000, 10);
INSERT INTO VIAJE (IDVIAJE, HORAINICIO, HORAFIN, COSTO, IDSERVICIO) VALUES (866, '11:30', '12:15', 17000, 11);
INSERT INTO VIAJE (IDVIAJE, HORAINICIO, HORAFIN, COSTO, IDSERVICIO) VALUES (867, '11:45', '12:30', 34000, 12);
INSERT INTO VIAJE (IDVIAJE, HORAINICIO, HORAFIN, COSTO, IDSERVICIO) VALUES (868, '12:00', '12:45', 23000, 13);
INSERT INTO VIAJE (IDVIAJE, HORAINICIO, HORAFIN, COSTO, IDSERVICIO) VALUES (869, '12:15', '13:00', 31000, 14);
INSERT INTO VIAJE (IDVIAJE, HORAINICIO, HORAFIN, COSTO, IDSERVICIO) VALUES (870, '12:30', '13:15', 19000, 15);
INSERT INTO VIAJE (IDVIAJE, HORAINICIO, HORAFIN, COSTO, IDSERVICIO) VALUES (871, '12:45', '13:30', 27000, 1);
INSERT INTO VIAJE (IDVIAJE, HORAINICIO, HORAFIN, COSTO, IDSERVICIO) VALUES (872, '13:00', '13:45', 35000, 2);
INSERT INTO VIAJE (IDVIAJE, HORAINICIO, HORAFIN, COSTO, IDSERVICIO) VALUES (873, '13:15', '14:00', 22000, 3);
INSERT INTO VIAJE (IDVIAJE, HORAINICIO, HORAFIN, COSTO, IDSERVICIO) VALUES (874, '13:30', '14:15', 28000, 4);
INSERT INTO VIAJE (IDVIAJE, HORAINICIO, HORAFIN, COSTO, IDSERVICIO) VALUES (875, '13:45', '14:30', 24000, 5);
INSERT INTO VIAJE (IDVIAJE, HORAINICIO, HORAFIN, COSTO, IDSERVICIO) VALUES (876, '14:00', '14:45', 16000, 6);
INSERT INTO VIAJE (IDVIAJE, HORAINICIO, HORAFIN, COSTO, IDSERVICIO) VALUES (877, '14:15', '15:00', 33000, 7);
INSERT INTO VIAJE (IDVIAJE, HORAINICIO, HORAFIN, COSTO, IDSERVICIO) VALUES (878, '14:30', '15:15', 20000, 8);
INSERT INTO VIAJE (IDVIAJE, HORAINICIO, HORAFIN, COSTO, IDSERVICIO) VALUES (879, '14:45', '15:30', 30000, 9);
INSERT INTO VIAJE (IDVIAJE, HORAINICIO, HORAFIN, COSTO, IDSERVICIO) VALUES (880, '15:00', '15:45', 25000, 10);

INSERT INTO VIAJE (IDVIAJE, HORAINICIO, HORAFIN, COSTO, IDSERVICIO) VALUES (881, '15:15', '16:00', 18000, 11);
INSERT INTO VIAJE (IDVIAJE, HORAINICIO, HORAFIN, COSTO, IDSERVICIO) VALUES (882, '15:30', '16:15', 32000, 12);
INSERT INTO VIAJE (IDVIAJE, HORAINICIO, HORAFIN, COSTO, IDSERVICIO) VALUES (883, '15:45', '16:30', 21000, 13);
INSERT INTO VIAJE (IDVIAJE, HORAINICIO, HORAFIN, COSTO, IDSERVICIO) VALUES (884, '16:00', '16:45', 29000, 14);
INSERT INTO VIAJE (IDVIAJE, HORAINICIO, HORAFIN, COSTO, IDSERVICIO) VALUES (885, '16:15', '17:00', 26000, 15);
INSERT INTO VIAJE (IDVIAJE, HORAINICIO, HORAFIN, COSTO, IDSERVICIO) VALUES (886, '16:30', '17:15', 17000, 1);
INSERT INTO VIAJE (IDVIAJE, HORAINICIO, HORAFIN, COSTO, IDSERVICIO) VALUES (887, '16:45', '17:30', 34000, 2);
INSERT INTO VIAJE (IDVIAJE, HORAINICIO, HORAFIN, COSTO, IDSERVICIO) VALUES (888, '17:00', '17:45', 23000, 3);
INSERT INTO VIAJE (IDVIAJE, HORAINICIO, HORAFIN, COSTO, IDSERVICIO) VALUES (889, '17:15', '18:00', 31000, 4);
INSERT INTO VIAJE (IDVIAJE, HORAINICIO, HORAFIN, COSTO, IDSERVICIO) VALUES (890, '17:30', '18:15', 19000, 5);
INSERT INTO VIAJE (IDVIAJE, HORAINICIO, HORAFIN, COSTO, IDSERVICIO) VALUES (891, '17:45', '18:30', 27000, 6);
INSERT INTO VIAJE (IDVIAJE, HORAINICIO, HORAFIN, COSTO, IDSERVICIO) VALUES (892, '18:00', '18:45', 35000, 7);
INSERT INTO VIAJE (IDVIAJE, HORAINICIO, HORAFIN, COSTO, IDSERVICIO) VALUES (893, '18:15', '19:00', 22000, 8);
INSERT INTO VIAJE (IDVIAJE, HORAINICIO, HORAFIN, COSTO, IDSERVICIO) VALUES (894, '18:30', '19:15', 28000, 9);
INSERT INTO VIAJE (IDVIAJE, HORAINICIO, HORAFIN, COSTO, IDSERVICIO) VALUES (895, '18:45', '19:30', 24000, 10);
INSERT INTO VIAJE (IDVIAJE, HORAINICIO, HORAFIN, COSTO, IDSERVICIO) VALUES (896, '19:00', '19:45', 16000, 11);
INSERT INTO VIAJE (IDVIAJE, HORAINICIO, HORAFIN, COSTO, IDSERVICIO) VALUES (897, '19:15', '20:00', 33000, 12);
INSERT INTO VIAJE (IDVIAJE, HORAINICIO, HORAFIN, COSTO, IDSERVICIO) VALUES (898, '19:30', '20:15', 20000, 13);
INSERT INTO VIAJE (IDVIAJE, HORAINICIO, HORAFIN, COSTO, IDSERVICIO) VALUES (899, '19:45', '20:30', 30000, 14);
INSERT INTO VIAJE (IDVIAJE, HORAINICIO, HORAFIN, COSTO, IDSERVICIO) VALUES (900, '20:00', '20:45', 25000, 15);


INSERT INTO VIAJE (IDVIAJE, HORAINICIO, HORAFIN, COSTO, IDSERVICIO) VALUES (901, '20:15', '21:00', 18000, 1);
INSERT INTO VIAJE (IDVIAJE, HORAINICIO, HORAFIN, COSTO, IDSERVICIO) VALUES (902, '20:30', '21:15', 32000, 2);
INSERT INTO VIAJE (IDVIAJE, HORAINICIO, HORAFIN, COSTO, IDSERVICIO) VALUES (903, '20:45', '21:30', 21000, 3);
INSERT INTO VIAJE (IDVIAJE, HORAINICIO, HORAFIN, COSTO, IDSERVICIO) VALUES (904, '21:00', '21:45', 29000, 4);
INSERT INTO VIAJE (IDVIAJE, HORAINICIO, HORAFIN, COSTO, IDSERVICIO) VALUES (905, '21:15', '22:00', 26000, 5);
INSERT INTO VIAJE (IDVIAJE, HORAINICIO, HORAFIN, COSTO, IDSERVICIO) VALUES (906, '21:30', '22:15', 17000, 6);
INSERT INTO VIAJE (IDVIAJE, HORAINICIO, HORAFIN, COSTO, IDSERVICIO) VALUES (907, '21:45', '22:30', 34000, 7);
INSERT INTO VIAJE (IDVIAJE, HORAINICIO, HORAFIN, COSTO, IDSERVICIO) VALUES (908, '22:00', '22:45', 23000, 8);
INSERT INTO VIAJE (IDVIAJE, HORAINICIO, HORAFIN, COSTO, IDSERVICIO) VALUES (909, '22:15', '23:00', 31000, 9);
INSERT INTO VIAJE (IDVIAJE, HORAINICIO, HORAFIN, COSTO, IDSERVICIO) VALUES (910, '22:30', '23:15', 19000, 10);
INSERT INTO VIAJE (IDVIAJE, HORAINICIO, HORAFIN, COSTO, IDSERVICIO) VALUES (911, '22:45', '23:30', 27000, 11);
INSERT INTO VIAJE (IDVIAJE, HORAINICIO, HORAFIN, COSTO, IDSERVICIO) VALUES (912, '06:00', '06:45', 35000, 12);
INSERT INTO VIAJE (IDVIAJE, HORAINICIO, HORAFIN, COSTO, IDSERVICIO) VALUES (913, '06:15', '07:00', 22000, 13);
INSERT INTO VIAJE (IDVIAJE, HORAINICIO, HORAFIN, COSTO, IDSERVICIO) VALUES (914, '06:30', '07:15', 28000, 14);
INSERT INTO VIAJE (IDVIAJE, HORAINICIO, HORAFIN, COSTO, IDSERVICIO) VALUES (915, '06:45', '07:30', 24000, 15);
INSERT INTO VIAJE (IDVIAJE, HORAINICIO, HORAFIN, COSTO, IDSERVICIO) VALUES (916, '07:00', '07:45', 16000, 1);
INSERT INTO VIAJE (IDVIAJE, HORAINICIO, HORAFIN, COSTO, IDSERVICIO) VALUES (917, '07:15', '08:00', 33000, 2);
INSERT INTO VIAJE (IDVIAJE, HORAINICIO, HORAFIN, COSTO, IDSERVICIO) VALUES (918, '07:30', '08:15', 20000, 3);
INSERT INTO VIAJE (IDVIAJE, HORAINICIO, HORAFIN, COSTO, IDSERVICIO) VALUES (919, '07:45', '08:30', 30000, 4);
INSERT INTO VIAJE (IDVIAJE, HORAINICIO, HORAFIN, COSTO, IDSERVICIO) VALUES (920, '08:00', '08:45', 25000, 5);

INSERT INTO VIAJE (IDVIAJE, HORAINICIO, HORAFIN, COSTO, IDSERVICIO) VALUES (921, '08:15', '09:00', 18000, 6);
INSERT INTO VIAJE (IDVIAJE, HORAINICIO, HORAFIN, COSTO, IDSERVICIO) VALUES (922, '08:30', '09:15', 32000, 7);
INSERT INTO VIAJE (IDVIAJE, HORAINICIO, HORAFIN, COSTO, IDSERVICIO) VALUES (923, '08:45', '09:30', 21000, 8);
INSERT INTO VIAJE (IDVIAJE, HORAINICIO, HORAFIN, COSTO, IDSERVICIO) VALUES (924, '09:00', '09:45', 29000, 9);
INSERT INTO VIAJE (IDVIAJE, HORAINICIO, HORAFIN, COSTO, IDSERVICIO) VALUES (925, '09:15', '10:00', 26000, 10);
INSERT INTO VIAJE (IDVIAJE, HORAINICIO, HORAFIN, COSTO, IDSERVICIO) VALUES (926, '09:30', '10:15', 17000, 11);
INSERT INTO VIAJE (IDVIAJE, HORAINICIO, HORAFIN, COSTO, IDSERVICIO) VALUES (927, '09:45', '10:30', 34000, 12);
INSERT INTO VIAJE (IDVIAJE, HORAINICIO, HORAFIN, COSTO, IDSERVICIO) VALUES (928, '10:00', '10:45', 23000, 13);
INSERT INTO VIAJE (IDVIAJE, HORAINICIO, HORAFIN, COSTO, IDSERVICIO) VALUES (929, '10:15', '11:00', 31000, 14);
INSERT INTO VIAJE (IDVIAJE, HORAINICIO, HORAFIN, COSTO, IDSERVICIO) VALUES (930, '10:30', '11:15', 19000, 15);
INSERT INTO VIAJE (IDVIAJE, HORAINICIO, HORAFIN, COSTO, IDSERVICIO) VALUES (931, '10:45', '11:30', 27000, 1);
INSERT INTO VIAJE (IDVIAJE, HORAINICIO, HORAFIN, COSTO, IDSERVICIO) VALUES (932, '11:00', '11:45', 35000, 2);
INSERT INTO VIAJE (IDVIAJE, HORAINICIO, HORAFIN, COSTO, IDSERVICIO) VALUES (933, '11:15', '12:00', 22000, 3);
INSERT INTO VIAJE (IDVIAJE, HORAINICIO, HORAFIN, COSTO, IDSERVICIO) VALUES (934, '11:30', '12:15', 28000, 4);
INSERT INTO VIAJE (IDVIAJE, HORAINICIO, HORAFIN, COSTO, IDSERVICIO) VALUES (935, '11:45', '12:30', 24000, 5);
INSERT INTO VIAJE (IDVIAJE, HORAINICIO, HORAFIN, COSTO, IDSERVICIO) VALUES (936, '12:00', '12:45', 16000, 6);
INSERT INTO VIAJE (IDVIAJE, HORAINICIO, HORAFIN, COSTO, IDSERVICIO) VALUES (937, '12:15', '13:00', 33000, 7);
INSERT INTO VIAJE (IDVIAJE, HORAINICIO, HORAFIN, COSTO, IDSERVICIO) VALUES (938, '12:30', '13:15', 20000, 8);
INSERT INTO VIAJE (IDVIAJE, HORAINICIO, HORAFIN, COSTO, IDSERVICIO) VALUES (939, '12:45', '13:30', 30000, 9);
INSERT INTO VIAJE (IDVIAJE, HORAINICIO, HORAFIN, COSTO, IDSERVICIO) VALUES (940, '13:00', '13:45', 25000, 10);

INSERT INTO VIAJE (IDVIAJE, HORAINICIO, HORAFIN, COSTO, IDSERVICIO) VALUES (941, '13:15', '14:00', 18000, 11);
INSERT INTO VIAJE (IDVIAJE, HORAINICIO, HORAFIN, COSTO, IDSERVICIO) VALUES (942, '13:30', '14:15', 32000, 12);
INSERT INTO VIAJE (IDVIAJE, HORAINICIO, HORAFIN, COSTO, IDSERVICIO) VALUES (943, '13:45', '14:30', 21000, 13);
INSERT INTO VIAJE (IDVIAJE, HORAINICIO, HORAFIN, COSTO, IDSERVICIO) VALUES (944, '14:00', '14:45', 29000, 14);
INSERT INTO VIAJE (IDVIAJE, HORAINICIO, HORAFIN, COSTO, IDSERVICIO) VALUES (945, '14:15', '15:00', 26000, 15);
INSERT INTO VIAJE (IDVIAJE, HORAINICIO, HORAFIN, COSTO, IDSERVICIO) VALUES (946, '14:30', '15:15', 17000, 1);
INSERT INTO VIAJE (IDVIAJE, HORAINICIO, HORAFIN, COSTO, IDSERVICIO) VALUES (947, '14:45', '15:30', 34000, 2);
INSERT INTO VIAJE (IDVIAJE, HORAINICIO, HORAFIN, COSTO, IDSERVICIO) VALUES (948, '15:00', '15:45', 23000, 3);
INSERT INTO VIAJE (IDVIAJE, HORAINICIO, HORAFIN, COSTO, IDSERVICIO) VALUES (949, '15:15', '16:00', 31000, 4);
INSERT INTO VIAJE (IDVIAJE, HORAINICIO, HORAFIN, COSTO, IDSERVICIO) VALUES (950, '15:30', '16:15', 19000, 5);
INSERT INTO VIAJE (IDVIAJE, HORAINICIO, HORAFIN, COSTO, IDSERVICIO) VALUES (951, '15:45', '16:30', 27000, 6);
INSERT INTO VIAJE (IDVIAJE, HORAINICIO, HORAFIN, COSTO, IDSERVICIO) VALUES (952, '16:00', '16:45', 35000, 7);
INSERT INTO VIAJE (IDVIAJE, HORAINICIO, HORAFIN, COSTO, IDSERVICIO) VALUES (953, '16:15', '17:00', 22000, 8);
INSERT INTO VIAJE (IDVIAJE, HORAINICIO, HORAFIN, COSTO, IDSERVICIO) VALUES (954, '16:30', '17:15', 28000, 9);
INSERT INTO VIAJE (IDVIAJE, HORAINICIO, HORAFIN, COSTO, IDSERVICIO) VALUES (955, '16:45', '17:30', 24000, 10);
INSERT INTO VIAJE (IDVIAJE, HORAINICIO, HORAFIN, COSTO, IDSERVICIO) VALUES (956, '17:00', '17:45', 16000, 11);
INSERT INTO VIAJE (IDVIAJE, HORAINICIO, HORAFIN, COSTO, IDSERVICIO) VALUES (957, '17:15', '18:00', 33000, 12);
INSERT INTO VIAJE (IDVIAJE, HORAINICIO, HORAFIN, COSTO, IDSERVICIO) VALUES (958, '17:30', '18:15', 20000, 13);
INSERT INTO VIAJE (IDVIAJE, HORAINICIO, HORAFIN, COSTO, IDSERVICIO) VALUES (959, '17:45', '18:30', 30000, 14);
INSERT INTO VIAJE (IDVIAJE, HORAINICIO, HORAFIN, COSTO, IDSERVICIO) VALUES (960, '18:00', '18:45', 25000, 15);

INSERT INTO VIAJE (IDVIAJE, HORAINICIO, HORAFIN, COSTO, IDSERVICIO) VALUES (961, '18:15', '19:00', 18000, 1);
INSERT INTO VIAJE (IDVIAJE, HORAINICIO, HORAFIN, COSTO, IDSERVICIO) VALUES (962, '18:30', '19:15', 32000, 2);
INSERT INTO VIAJE (IDVIAJE, HORAINICIO, HORAFIN, COSTO, IDSERVICIO) VALUES (963, '18:45', '19:30', 21000, 3);
INSERT INTO VIAJE (IDVIAJE, HORAINICIO, HORAFIN, COSTO, IDSERVICIO) VALUES (964, '19:00', '19:45', 29000, 4);
INSERT INTO VIAJE (IDVIAJE, HORAINICIO, HORAFIN, COSTO, IDSERVICIO) VALUES (965, '19:15', '20:00', 26000, 5);
INSERT INTO VIAJE (IDVIAJE, HORAINICIO, HORAFIN, COSTO, IDSERVICIO) VALUES (966, '19:30', '20:15', 17000, 6);
INSERT INTO VIAJE (IDVIAJE, HORAINICIO, HORAFIN, COSTO, IDSERVICIO) VALUES (967, '19:45', '20:30', 34000, 7);
INSERT INTO VIAJE (IDVIAJE, HORAINICIO, HORAFIN, COSTO, IDSERVICIO) VALUES (968, '20:00', '20:45', 23000, 8);
INSERT INTO VIAJE (IDVIAJE, HORAINICIO, HORAFIN, COSTO, IDSERVICIO) VALUES (969, '20:15', '21:00', 31000, 9);
INSERT INTO VIAJE (IDVIAJE, HORAINICIO, HORAFIN, COSTO, IDSERVICIO) VALUES (970, '20:30', '21:15', 19000, 10);
INSERT INTO VIAJE (IDVIAJE, HORAINICIO, HORAFIN, COSTO, IDSERVICIO) VALUES (971, '20:45', '21:30', 27000, 11);
INSERT INTO VIAJE (IDVIAJE, HORAINICIO, HORAFIN, COSTO, IDSERVICIO) VALUES (972, '21:00', '21:45', 35000, 12);
INSERT INTO VIAJE (IDVIAJE, HORAINICIO, HORAFIN, COSTO, IDSERVICIO) VALUES (973, '21:15', '22:00', 22000, 13);
INSERT INTO VIAJE (IDVIAJE, HORAINICIO, HORAFIN, COSTO, IDSERVICIO) VALUES (974, '21:30', '22:15', 28000, 14);
INSERT INTO VIAJE (IDVIAJE, HORAINICIO, HORAFIN, COSTO, IDSERVICIO) VALUES (975, '21:45', '22:30', 24000, 15);
INSERT INTO VIAJE (IDVIAJE, HORAINICIO, HORAFIN, COSTO, IDSERVICIO) VALUES (976, '22:00', '22:45', 16000, 1);
INSERT INTO VIAJE (IDVIAJE, HORAINICIO, HORAFIN, COSTO, IDSERVICIO) VALUES (977, '22:15', '23:00', 33000, 2);
INSERT INTO VIAJE (IDVIAJE, HORAINICIO, HORAFIN, COSTO, IDSERVICIO) VALUES (978, '22:30', '23:15', 20000, 3);
INSERT INTO VIAJE (IDVIAJE, HORAINICIO, HORAFIN, COSTO, IDSERVICIO) VALUES (979, '22:45', '23:30', 30000, 4);
INSERT INTO VIAJE (IDVIAJE, HORAINICIO, HORAFIN, COSTO, IDSERVICIO) VALUES (980, '06:00', '06:45', 25000, 5);

INSERT INTO VIAJE (IDVIAJE, HORAINICIO, HORAFIN, COSTO, IDSERVICIO) VALUES (981, '06:15', '07:00', 18000, 6);
INSERT INTO VIAJE (IDVIAJE, HORAINICIO, HORAFIN, COSTO, IDSERVICIO) VALUES (982, '06:30', '07:15', 32000, 7);
INSERT INTO VIAJE (IDVIAJE, HORAINICIO, HORAFIN, COSTO, IDSERVICIO) VALUES (983, '06:45', '07:30', 21000, 8);
INSERT INTO VIAJE (IDVIAJE, HORAINICIO, HORAFIN, COSTO, IDSERVICIO) VALUES (984, '07:00', '07:45', 29000, 9);
INSERT INTO VIAJE (IDVIAJE, HORAINICIO, HORAFIN, COSTO, IDSERVICIO) VALUES (985, '07:15', '08:00', 26000, 10);
INSERT INTO VIAJE (IDVIAJE, HORAINICIO, HORAFIN, COSTO, IDSERVICIO) VALUES (986, '07:30', '08:15', 17000, 11);
INSERT INTO VIAJE (IDVIAJE, HORAINICIO, HORAFIN, COSTO, IDSERVICIO) VALUES (987, '07:45', '08:30', 34000, 12);
INSERT INTO VIAJE (IDVIAJE, HORAINICIO, HORAFIN, COSTO, IDSERVICIO) VALUES (988, '08:00', '08:45', 23000, 13);
INSERT INTO VIAJE (IDVIAJE, HORAINICIO, HORAFIN, COSTO, IDSERVICIO) VALUES (989, '08:15', '09:00', 31000, 14);
INSERT INTO VIAJE (IDVIAJE, HORAINICIO, HORAFIN, COSTO, IDSERVICIO) VALUES (990, '08:30', '09:15', 19000, 15);
INSERT INTO VIAJE (IDVIAJE, HORAINICIO, HORAFIN, COSTO, IDSERVICIO) VALUES (991, '08:45', '09:30', 27000, 1);
INSERT INTO VIAJE (IDVIAJE, HORAINICIO, HORAFIN, COSTO, IDSERVICIO) VALUES (992, '09:00', '09:45', 35000, 2);
INSERT INTO VIAJE (IDVIAJE, HORAINICIO, HORAFIN, COSTO, IDSERVICIO) VALUES (993, '09:15', '10:00', 22000, 3);
INSERT INTO VIAJE (IDVIAJE, HORAINICIO, HORAFIN, COSTO, IDSERVICIO) VALUES (994, '09:30', '10:15', 28000, 4);
INSERT INTO VIAJE (IDVIAJE, HORAINICIO, HORAFIN, COSTO, IDSERVICIO) VALUES (995, '09:45', '10:30', 24000, 5);
INSERT INTO VIAJE (IDVIAJE, HORAINICIO, HORAFIN, COSTO, IDSERVICIO) VALUES (996, '10:00', '10:45', 16000, 6);
INSERT INTO VIAJE (IDVIAJE, HORAINICIO, HORAFIN, COSTO, IDSERVICIO) VALUES (997, '10:15', '11:00', 33000, 7);
INSERT INTO VIAJE (IDVIAJE, HORAINICIO, HORAFIN, COSTO, IDSERVICIO) VALUES (998, '10:30', '11:15', 20000, 8);
INSERT INTO VIAJE (IDVIAJE, HORAINICIO, HORAFIN, COSTO, IDSERVICIO) VALUES (999, '10:45', '11:30', 30000, 9);

INSERT INTO VIAJE (IDVIAJE, HORAINICIO, HORAFIN, COSTO, IDSERVICIO) VALUES (1000, '11:00', '11:45', 25000, 10);

INSERT INTO VIAJE (IDVIAJE, HORAINICIO, HORAFIN, COSTO, IDSERVICIO) VALUES (100, '22:00', '22:45', 29000, 10);
INSERT INTO VIAJE (IDVIAJE, HORAINICIO, HORAFIN, COSTO, IDSERVICIO) VALUES (200, '06:30', '07:15', 24000, 5);

INSERT INTO VIAJE (IDVIAJE, HORAINICIO, HORAFIN, COSTO, IDSERVICIO) VALUES (600, '14:00', '14:45', 26000, 15);
INSERT INTO VIAJE (IDVIAJE, HORAINICIO, HORAFIN, COSTO, IDSERVICIO) VALUES (700, '19:15', '20:00', 33000, 10);
INSERT INTO VIAJE (IDVIAJE, HORAINICIO, HORAFIN, COSTO, IDSERVICIO) VALUES (800, '11:30', '12:15', 20000, 5);

-- ===============================================================================
-- DATOS ADICIONALES DE USUARIO_CONDUCTOR Y USUARIO_SERVICIO
-- ===============================================================================

-- Más USUARIO_CONDUCTOR (convertir algunos usuarios regulares en conductores)
INSERT INTO USUARIO_CONDUCTOR (IDUSUARIO) VALUES (1);   -- Ana María García
INSERT INTO USUARIO_CONDUCTOR (IDUSUARIO) VALUES (5);   -- Laura Martínez  
INSERT INTO USUARIO_CONDUCTOR (IDUSUARIO) VALUES (10);  -- Andrés Herrera
INSERT INTO USUARIO_CONDUCTOR (IDUSUARIO) VALUES (15);  -- Isabella Ramírez
INSERT INTO USUARIO_CONDUCTOR (IDUSUARIO) VALUES (20);  -- Ricardo Aguilar
INSERT INTO USUARIO_CONDUCTOR (IDUSUARIO) VALUES (25);  -- Paola Guerrero
INSERT INTO USUARIO_CONDUCTOR (IDUSUARIO) VALUES (30);  -- Javier Medina
INSERT INTO USUARIO_CONDUCTOR (IDUSUARIO) VALUES (35);  -- Tatiana Moreno
INSERT INTO USUARIO_CONDUCTOR (IDUSUARIO) VALUES (40);  -- Iván Cortés
INSERT INTO USUARIO_CONDUCTOR (IDUSUARIO) VALUES (45);  -- Vanessa Castañeda
INSERT INTO USUARIO_CONDUCTOR (IDUSUARIO) VALUES (50);  -- Andrés Londoño
INSERT INTO USUARIO_CONDUCTOR (IDUSUARIO) VALUES (55);  -- Natalia Jaramillo
INSERT INTO USUARIO_CONDUCTOR (IDUSUARIO) VALUES (60);  -- Esteban Franco
INSERT INTO USUARIO_CONDUCTOR (IDUSUARIO) VALUES (65);  -- Tatiana Agudelo
INSERT INTO USUARIO_CONDUCTOR (IDUSUARIO) VALUES (70);  -- Cristian Vargas
INSERT INTO USUARIO_CONDUCTOR (IDUSUARIO) VALUES (75);  -- Isabella Torres
INSERT INTO USUARIO_CONDUCTOR (IDUSUARIO) VALUES (80);  -- Santiago Pérez
INSERT INTO USUARIO_CONDUCTOR (IDUSUARIO) VALUES (85);  -- María Jiménez
INSERT INTO USUARIO_CONDUCTOR (IDUSUARIO) VALUES (90);  -- Alejandro Ortiz
INSERT INTO USUARIO_CONDUCTOR (IDUSUARIO) VALUES (95);  -- Ximena Reyes

-- USUARIO_SERVICIO (usuarios regulares que solicitan servicios)
INSERT INTO USUARIO_SERVICIO (IDUSUARIOSERVICIO, IDUSUARIO, NUMTARJETA, NOMBRETARJETA, VENCIMIENTO, CODIGOSEGURIDAD) VALUES (1, 2, '4532123456781234', 'Carlos Rodríguez', '12/26', '123');
INSERT INTO USUARIO_SERVICIO (IDUSUARIOSERVICIO, IDUSUARIO, NUMTARJETA, NOMBRETARJETA, VENCIMIENTO, CODIGOSEGURIDAD) VALUES (2, 3, '4532123456781235', 'María López', '01/27', '456');
INSERT INTO USUARIO_SERVICIO (IDUSUARIOSERVICIO, IDUSUARIO, NUMTARJETA, NOMBRETARJETA, VENCIMIENTO, CODIGOSEGURIDAD) VALUES (3, 4, '4532123456781236', 'Juan Pérez', '03/26', '789');
INSERT INTO USUARIO_SERVICIO (IDUSUARIOSERVICIO, IDUSUARIO, NUMTARJETA, NOMBRETARJETA, VENCIMIENTO, CODIGOSEGURIDAD) VALUES (4, 6, '4532123456781237', 'Diego Sánchez', '05/27', '012');
INSERT INTO USUARIO_SERVICIO (IDUSUARIOSERVICIO, IDUSUARIO, NUMTARJETA, NOMBRETARJETA, VENCIMIENTO, CODIGOSEGURIDAD) VALUES (5, 7, '4532123456781238', 'Patricia Gómez', '07/26', '345');
INSERT INTO USUARIO_SERVICIO (IDUSUARIOSERVICIO, IDUSUARIO, NUMTARJETA, NOMBRETARJETA, VENCIMIENTO, CODIGOSEGURIDAD) VALUES (6, 8, '4532123456781239', 'Roberto Torres', '09/27', '678');
INSERT INTO USUARIO_SERVICIO (IDUSUARIOSERVICIO, IDUSUARIO, NUMTARJETA, NOMBRETARJETA, VENCIMIENTO, CODIGOSEGURIDAD) VALUES (7, 9, '4532123456781240', 'Carmen Ruiz', '11/26', '901');
INSERT INTO USUARIO_SERVICIO (IDUSUARIOSERVICIO, IDUSUARIO, NUMTARJETA, NOMBRETARJETA, VENCIMIENTO, CODIGOSEGURIDAD) VALUES (8, 11, '4532123456781241', 'Sofía Jiménez', '02/27', '234');
INSERT INTO USUARIO_SERVICIO (IDUSUARIOSERVICIO, IDUSUARIO, NUMTARJETA, NOMBRETARJETA, VENCIMIENTO, CODIGOSEGURIDAD) VALUES (9, 12, '4532123456781242', 'Miguel Vargas', '04/26', '567');
INSERT INTO USUARIO_SERVICIO (IDUSUARIOSERVICIO, IDUSUARIO, NUMTARJETA, NOMBRETARJETA, VENCIMIENTO, CODIGOSEGURIDAD) VALUES (10, 13, '4532123456781243', 'Valentina Castro', '06/27', '890');
INSERT INTO USUARIO_SERVICIO (IDUSUARIOSERVICIO, IDUSUARIO, NUMTARJETA, NOMBRETARJETA, VENCIMIENTO, CODIGOSEGURIDAD) VALUES (11, 14, '4532123456781244', 'Fernando Morales', '08/26', '123');
INSERT INTO USUARIO_SERVICIO (IDUSUARIOSERVICIO, IDUSUARIO, NUMTARJETA, NOMBRETARJETA, VENCIMIENTO, CODIGOSEGURIDAD) VALUES (12, 16, '4532123456781245', 'Alejandro Silva', '10/27', '456');
INSERT INTO USUARIO_SERVICIO (IDUSUARIOSERVICIO, IDUSUARIO, NUMTARJETA, NOMBRETARJETA, VENCIMIENTO, CODIGOSEGURIDAD) VALUES (13, 17, '4532123456781246', 'Camila Mendoza', '12/26', '789');
INSERT INTO USUARIO_SERVICIO (IDUSUARIOSERVICIO, IDUSUARIO, NUMTARJETA, NOMBRETARJETA, VENCIMIENTO, CODIGOSEGURIDAD) VALUES (14, 18, '4532123456781247', 'Sebastián Ortiz', '01/28', '012');
INSERT INTO USUARIO_SERVICIO (IDUSUARIOSERVICIO, IDUSUARIO, NUMTARJETA, NOMBRETARJETA, VENCIMIENTO, CODIGOSEGURIDAD) VALUES (15, 19, '4532123456781248', 'Gabriela Flores', '03/27', '345');
INSERT INTO USUARIO_SERVICIO (IDUSUARIOSERVICIO, IDUSUARIO, NUMTARJETA, NOMBRETARJETA, VENCIMIENTO, CODIGOSEGURIDAD) VALUES (16, 21, '4532123456781249', 'Natalia Cruz', '05/26', '678');
INSERT INTO USUARIO_SERVICIO (IDUSUARIOSERVICIO, IDUSUARIO, NUMTARJETA, NOMBRETARJETA, VENCIMIENTO, CODIGOSEGURIDAD) VALUES (17, 22, '4532123456781250', 'Daniel Reyes', '07/27', '901');
INSERT INTO USUARIO_SERVICIO (IDUSUARIOSERVICIO, IDUSUARIO, NUMTARJETA, NOMBRETARJETA, VENCIMIENTO, CODIGOSEGURIDAD) VALUES (18, 23, '4532123456781251', 'Adriana Vega', '09/26', '234');
INSERT INTO USUARIO_SERVICIO (IDUSUARIOSERVICIO, IDUSUARIO, NUMTARJETA, NOMBRETARJETA, VENCIMIENTO, CODIGOSEGURIDAD) VALUES (19, 24, '4532123456781252', 'Julián Romero', '11/27', '567');
INSERT INTO USUARIO_SERVICIO (IDUSUARIOSERVICIO, IDUSUARIO, NUMTARJETA, NOMBRETARJETA, VENCIMIENTO, CODIGOSEGURIDAD) VALUES (20, 26, '4532123456781253', 'Cristian Muñoz', '01/26', '890');
INSERT INTO USUARIO_SERVICIO (IDUSUARIOSERVICIO, IDUSUARIO, NUMTARJETA, NOMBRETARJETA, VENCIMIENTO, CODIGOSEGURIDAD) VALUES (21, 27, '4532123456781254', 'Alejandra Peña', '03/28', '123');
INSERT INTO USUARIO_SERVICIO (IDUSUARIOSERVICIO, IDUSUARIO, NUMTARJETA, NOMBRETARJETA, VENCIMIENTO, CODIGOSEGURIDAD) VALUES (22, 28, '4532123456781255', 'Mauricio León', '05/27', '456');
INSERT INTO USUARIO_SERVICIO (IDUSUARIOSERVICIO, IDUSUARIO, NUMTARJETA, NOMBRETARJETA, VENCIMIENTO, CODIGOSEGURIDAD) VALUES (23, 29, '4532123456781256', 'Carolina Ramos', '07/26', '789');
INSERT INTO USUARIO_SERVICIO (IDUSUARIOSERVICIO, IDUSUARIO, NUMTARJETA, NOMBRETARJETA, VENCIMIENTO, CODIGOSEGURIDAD) VALUES (24, 31, '4532123456781257', 'Estefanía Rojas', '09/27', '012');
INSERT INTO USUARIO_SERVICIO (IDUSUARIOSERVICIO, IDUSUARIO, NUMTARJETA, NOMBRETARJETA, VENCIMIENTO, CODIGOSEGURIDAD) VALUES (25, 32, '4532123456781258', 'Fabián Herrera', '11/26', '345');
INSERT INTO USUARIO_SERVICIO (IDUSUARIOSERVICIO, IDUSUARIO, NUMTARJETA, NOMBRETARJETA, VENCIMIENTO, CODIGOSEGURIDAD) VALUES (26, 33, '4532123456781259', 'Mónica Delgado', '01/27', '678');
INSERT INTO USUARIO_SERVICIO (IDUSUARIOSERVICIO, IDUSUARIO, NUMTARJETA, NOMBRETARJETA, VENCIMIENTO, CODIGOSEGURIDAD) VALUES (27, 34, '4532123456781260', 'Óscar Parra', '03/26', '901');
INSERT INTO USUARIO_SERVICIO (IDUSUARIOSERVICIO, IDUSUARIO, NUMTARJETA, NOMBRETARJETA, VENCIMIENTO, CODIGOSEGURIDAD) VALUES (28, 36, '4532123456781261', 'Gustavo Pineda', '05/28', '234');
INSERT INTO USUARIO_SERVICIO (IDUSUARIOSERVICIO, IDUSUARIO, NUMTARJETA, NOMBRETARJETA, VENCIMIENTO, CODIGOSEGURIDAD) VALUES (29, 37, '4532123456781262', 'Marcela Ávila', '07/27', '567');
INSERT INTO USUARIO_SERVICIO (IDUSUARIOSERVICIO, IDUSUARIO, NUMTARJETA, NOMBRETARJETA, VENCIMIENTO, CODIGOSEGURIDAD) VALUES (30, 38, '4532123456781263', 'Esteban Caicedo', '09/26', '890');

-- Algunos USUARIO_SERVICIO adicionales de la segunda parte de usuarios
INSERT INTO USUARIO_SERVICIO (IDUSUARIOSERVICIO, IDUSUARIO, NUMTARJETA, NOMBRETARJETA, VENCIMIENTO, CODIGOSEGURIDAD) VALUES (31, 41, '4532123456781264', 'Sandra Maldonado', '11/27', '123');
INSERT INTO USUARIO_SERVICIO (IDUSUARIOSERVICIO, IDUSUARIO, NUMTARJETA, NOMBRETARJETA, VENCIMIENTO, CODIGOSEGURIDAD) VALUES (32, 42, '4532123456781265', 'Felipe Arbeláez', '01/28', '456');
INSERT INTO USUARIO_SERVICIO (IDUSUARIOSERVICIO, IDUSUARIO, NUMTARJETA, NOMBRETARJETA, VENCIMIENTO, CODIGOSEGURIDAD) VALUES (33, 43, '4532123456781266', 'Lina Garzón', '03/27', '789');
INSERT INTO USUARIO_SERVICIO (IDUSUARIOSERVICIO, IDUSUARIO, NUMTARJETA, NOMBRETARJETA, VENCIMIENTO, CODIGOSEGURIDAD) VALUES (34, 44, '4532123456781267', 'Nicolás Arango', '05/26', '012');
INSERT INTO USUARIO_SERVICIO (IDUSUARIOSERVICIO, IDUSUARIO, NUMTARJETA, NOMBRETARJETA, VENCIMIENTO, CODIGOSEGURIDAD) VALUES (35, 46, '4532123456781268', 'Álvaro Restrepo', '07/28', '345');
INSERT INTO USUARIO_SERVICIO (IDUSUARIOSERVICIO, IDUSUARIO, NUMTARJETA, NOMBRETARJETA, VENCIMIENTO, CODIGOSEGURIDAD) VALUES (36, 47, '4532123456781269', 'Adriana Montoya', '09/27', '678');
INSERT INTO USUARIO_SERVICIO (IDUSUARIOSERVICIO, IDUSUARIO, NUMTARJETA, NOMBRETARJETA, VENCIMIENTO, CODIGOSEGURIDAD) VALUES (37, 48, '4532123456781270', 'Sergio Palacios', '11/26', '901');
INSERT INTO USUARIO_SERVICIO (IDUSUARIOSERVICIO, IDUSUARIO, NUMTARJETA, NOMBRETARJETA, VENCIMIENTO, CODIGOSEGURIDAD) VALUES (38, 49, '4532123456781271', 'Diana Valencia', '01/27', '234');
INSERT INTO USUARIO_SERVICIO (IDUSUARIOSERVICIO, IDUSUARIO, NUMTARJETA, NOMBRETARJETA, VENCIMIENTO, CODIGOSEGURIDAD) VALUES (39, 51, '4532123456781272', 'Carolina Bedoya', '03/28', '567');
INSERT INTO USUARIO_SERVICIO (IDUSUARIOSERVICIO, IDUSUARIO, NUMTARJETA, NOMBRETARJETA, VENCIMIENTO, CODIGOSEGURIDAD) VALUES (40, 52, '4532123456781273', 'Jorge Vélez', '05/27', '890');

COMMIT;

SELECT 'Ciudades: ' || COUNT(*) FROM CIUDAD;
SELECT 'Usuarios totales: ' || COUNT(*) FROM USUARIO;
SELECT 'Conductores: ' || COUNT(*) FROM USUARIO_CONDUCTOR;
SELECT 'Vehículos: ' || COUNT(*) FROM VEHICULO;
SELECT 'Servicios: ' || COUNT(*) FROM SERVICIO;
SELECT 'Puntos: ' || COUNT(*) FROM PUNTO;
SELECT 'Viajes: ' || COUNT(*) FROM VIAJE;